name,model,year,km_driven,fuel,transmission,owner,mileage,engine,max_power,torque_val,seats,selling_price
volkswagen,polo_diesel_trendline_1.2l,2013,80000,diesel,manual,thirdowner,22.07,1199.0,73.9,180.0,5.0,350000
toyota,innova_crysta_2.4_zx_mt_bsiv,2017,33019,diesel,manual,firstowner,13.68,2393.0,147.8,343.0,7.0,1748999
hyundai,eon_era_plus,2012,38000,petrol,manual,firstowner,21.1,814.0,55.2,74.5,5.0,244000
hyundai,verna_1.6_sx,2012,100000,diesel,manual,secondowner,22.32,1582.0,126.32,259.8,5.0,360000
hyundai,santro_xing_gls,2009,77000,petrol,manual,firstowner,17.92,1086.0,62.1,96.1,5.0,150000
toyota,etios_gd,2014,250000,diesel,manual,firstowner,23.59,1364.0,67.04,170.0,5.0,550000
mahindra,tuv_300_t10,2018,50000,diesel,manual,secondowner,18.49,1493.0,100.0,240.0,7.0,775000
maruti,wagon_r_lxi_bs_iv,2015,50000,petrol,manual,secondowner,20.51,998.0,67.04,90.0,5.0,320000
mahindra,bolero_2011-2019_di_4wd_non_ac,2012,80000,diesel,manual,secondowner,13.6,2523.0,63.0,180.0,8.0,320000
chevrolet,beat_diesel_lt_option,2014,76000,diesel,manual,secondowner,25.44,936.0,56.3,142.5,5.0,170000
fiat,avventura_power_up_1.3_emotion,2015,96500,diesel,manual,firstowner,20.5,1248.0,91.72,209.0,5.0,425000
maruti,swift_lxi,2020,1000,petrol,manual,firstowner,21.21,1197.0,81.8,113.0,5.0,445000
maruti,alto_800_lxi,2014,25000,petrol,manual,firstowner,22.74,796.0,47.3,69.0,5.0,250000
maruti,alto_lxi,2011,40000,petrol,manual,firstowner,19.7,796.0,46.3,62.0,5.0,155000
hyundai,eon_d_lite_plus,2014,62000,petrol,manual,firstowner,21.1,814.0,55.2,74.5,5.0,180000
renault,duster_110ps_diesel_rxl_amt,2017,50000,diesel,automatic,firstowner,19.6,1461.0,108.45,245.0,5.0,850000
mahindra,xylo_e4_bs_iv,2010,60000,diesel,manual,secondowner,14.0,2498.0,112.0,260.0,7.0,250000
maruti,800_std_bsii,2004,46000,petrol,manual,fourthowner,16.1,796.0,37.0,59.0,4.0,75000
maruti,alto_800_base,2016,40000,petrol,manual,firstowner,22.74,796.0,47.3,69.0,5.0,220000
maruti,alto_lxi,2012,50000,petrol,manual,secondowner,19.7,796.0,46.3,62.0,5.0,200000
hyundai,i20_2015-2017_sportz_1.4_crdi,2014,70100,diesel,manual,firstowner,22.54,1396.0,88.73,219.7,5.0,484999
mahindra,bolero_di_non_ac_bsiii,2010,300000,diesel,manual,thirdowner,13.6,2523.0,63.0,180.0,7.0,320000
hyundai,grand_i10_crdi_magna,2016,56000,diesel,manual,firstowner,24.0,1120.0,70.0,160.0,5.0,480000
mahindra,xuv500_w10_2wd,2017,54000,diesel,manual,firstowner,16.0,2179.0,140.0,330.0,7.0,1625000
toyota,fortuner_2.8_4wd_at_bsiv,2016,90000,diesel,automatic,firstowner,15.04,2755.0,174.5,450.0,7.0,3100000
ford,ecosport_1.5_diesel_trend_plus_bsiv,2018,53000,diesel,manual,firstowner,23.0,1498.0,98.96,205.0,5.0,700000
volkswagen,vento_1.5_tdi_highline_at,2016,60000,diesel,automatic,firstowner,22.15,1498.0,108.6,250.0,5.0,1000000
maruti,alto_k10_lxi,2011,90000,petrol,manual,firstowner,20.92,998.0,67.1,90.0,5.0,165000
mahindra,bolero_slx_2wd,2010,120000,diesel,manual,secondowner,13.6,2523.0,63.0,180.0,7.0,315000
renault,kwid_1.0_rxt_optional,2018,60000,petrol,manual,firstowner,23.01,999.0,67.0,91.0,5.0,400000
maruti,alto_800_vxi,2017,23000,petrol,manual,firstowner,24.7,796.0,47.3,69.0,5.0,325000
hyundai,i10_sportz_1.1l,2015,20000,petrol,manual,firstowner,19.81,1086.0,68.05,99.04,5.0,350000
maruti,sx4_zxi_at_leather,2010,30000,petrol,automatic,firstowner,12.6,1586.0,103.2,145.0,5.0,350000
tata,sumo_gold_gx,2013,145000,diesel,manual,firstowner,15.3,2956.0,83.83,250.0,7.0,310000
tata,indigo_lx,2004,60000,diesel,manual,thirdowner,16.1,1405.0,70.0,13.5,5.0,100000
audi,q7_3.0_tdi_quattro,2009,120000,diesel,automatic,thirdowner,12.07,2967.0,241.4,550.0,7.0,1025000
hyundai,verna_1.6_sx,2012,100000,diesel,manual,secondowner,22.32,1582.0,126.32,259.8,5.0,450000
renault,kwid_rxt,2015,60000,petrol,manual,firstowner,25.17,799.0,53.3,72.0,5.0,300000
hyundai,accent_gls,2002,120000,petrol,manual,fourthowner,13.2,1495.0,94.0,12.5,5.0,55000
toyota,innova_2.5_v_diesel_7-seater,2011,197000,diesel,manual,firstowner,12.8,2494.0,102.0,20.4,7.0,800000
maruti,swift_dzire_vxi,2014,35000,petrol,manual,firstowner,19.1,1197.0,85.8,114.0,5.0,487000
toyota,corolla_altis_1.8_vl_cvt,2018,25000,petrol,automatic,firstowner,14.28,1798.0,138.03,173.0,5.0,1590000
mitsubishi,lancer_2.0_gld,2008,120000,diesel,manual,thirdowner,14.8,1998.0,68.0,12.5,5.0,165000
maruti,swift_dzire_zdi_plus,2018,30000,diesel,manual,firstowner,28.4,1248.0,74.02,190.0,5.0,800000
hyundai,xcent_1.2_kappa_s_option,2014,52000,petrol,manual,firstowner,19.1,1197.0,81.86,113.75,5.0,375000
maruti,swift_dzire_vxi_at,2012,120000,petrol,automatic,firstowner,17.4,1197.0,85.8,114.0,5.0,420000
maruti,alto_lx,2000,90000,petrol,manual,secondowner,19.7,796.0,46.3,62.0,5.0,45957
hyundai,grand_i10_1.2_crdi_asta,2017,60000,diesel,manual,firstowner,24.0,1186.0,73.97,190.24,5.0,550000
mahindra,tuv_300_mhawk100_t8,2017,67000,diesel,manual,secondowner,18.49,1493.0,100.0,240.0,7.0,660000
hyundai,i20_1.2_spotz,2017,50000,petrol,manual,firstowner,18.6,1197.0,81.83,114.7,5.0,550000
ford,classic_1.6_duratec_titanium,2013,120000,petrol,manual,firstowner,14.09,1596.0,99.6,146.0,5.0,350000
hyundai,eon_era_plus,2014,60000,petrol,manual,secondowner,21.1,814.0,55.2,74.5,5.0,220000
chevrolet,tavera_neo_3_10_seats_bsiii,2015,197000,diesel,manual,firstowner,13.58,2499.0,72.4,171.0,10.0,509999
maruti,celerio_zxi,2016,27000,petrol,manual,firstowner,23.1,998.0,67.04,90.0,5.0,459999
tata,indigo_tdi,2012,146000,diesel,manual,firstowner,19.61,1405.0,70.0,135.4,5.0,135000
renault,kwid_rxt_optional,2018,10000,petrol,manual,firstowner,25.17,799.0,53.3,72.0,5.0,340000
maruti,zen_d,2002,60000,diesel,manual,secondowner,20.8,1527.0,58.0,789.0,5.0,120000
honda,city_i_dtec_v,2014,120000,diesel,manual,secondowner,26.0,1498.0,98.6,200.0,5.0,640000
renault,lodgy_world_edition_110ps,2017,65000,diesel,manual,firstowner,19.98,1461.0,108.5,245.0,8.0,880000
honda,city_2017-2020_exi,2006,140000,petrol,manual,thirdowner,17.7,1497.0,78.0,12.7,5.0,158000
maruti,swift_dzire_ldi,2018,50000,diesel,manual,firstowner,28.4,1248.0,74.02,190.0,5.0,650000
hyundai,i20_1.4_sportz,2017,32331,diesel,manual,secondowner,22.54,1396.0,88.73,219.7,5.0,650000
maruti,swift_vdi_bsiv,2007,112880,diesel,manual,firstowner,25.2,1248.0,74.0,190.0,5.0,195000
maruti,swift_vxi_optional,2017,30000,petrol,manual,firstowner,20.4,1197.0,81.8,113.0,5.0,573000
hyundai,xcent_1.2_crdi_e_plus,2018,25000,diesel,manual,firstowner,25.4,1186.0,73.97,190.24,5.0,470000
hyundai,i20_sportz_1.2,2014,72000,petrol,manual,firstowner,18.6,1197.0,81.83,114.7,5.0,320000
maruti,swift_dzire_ldi,2019,70000,diesel,manual,firstowner,28.4,1248.0,74.02,190.0,5.0,558000
datsun,go_plus_t,2017,65000,petrol,manual,firstowner,19.02,1198.0,67.05,104.0,7.0,325000
fiat,grande_punto_active_(diesel),2013,52000,diesel,manual,firstowner,20.3,1248.0,75.0,197.0,5.0,280000
maruti,alto_k10_vxi,2016,50000,petrol,manual,firstowner,23.95,998.0,67.05,90.0,5.0,320000
hyundai,santa_fe_2wd_at,2014,146000,diesel,automatic,secondowner,13.01,2199.0,194.3,436.39,7.0,1050000
maruti,alto_k10_2010-2014_vxi,2013,60000,petrol,manual,firstowner,20.92,998.0,67.1,90.0,5.0,240000
tata,indigo_lx,2012,80000,diesel,manual,firstowner,17.0,1405.0,70.0,13.5,5.0,300000
mahindra,scorpio_2.6_crde_sle,2011,70000,diesel,manual,secondowner,10.5,2609.0,120.0,290.0,7.0,441000
hyundai,grand_i10_1.2_kappa_sportz_option,2018,6000,petrol,manual,firstowner,18.9,1197.0,81.86,113.75,5.0,520000
chevrolet,sail_hatchback_petrol_ls_abs,2013,25000,petrol,manual,firstowner,18.2,1199.0,84.8,113.0,5.0,245000
datsun,go_a_option_petrol,2019,10000,petrol,manual,firstowner,19.02,1198.0,67.05,104.0,5.0,500000
hyundai,verna_crdi_abs,2007,110000,diesel,manual,firstowner,18.1,1493.0,110.0,24.0,5.0,240000
mercedesbenz,new_c-class_c_250_cdi_elegance,2011,90000,diesel,automatic,firstowner,14.94,2143.0,204.0,500.0,5.0,1000000
toyota,etios_liva_diesel_trd_sportivo,2012,162000,diesel,manual,thirdowner,,,,,,265000
toyota,corolla_altis_1.8_j,2009,82000,petrol,manual,secondowner,14.53,1798.0,138.0,173.0,5.0,340000
honda,amaze_v_petrol_bsiv,2018,20000,petrol,manual,firstowner,19.5,1199.0,88.76,110.0,5.0,600000
maruti,alto_800_lxi,2015,40000,petrol,manual,firstowner,22.74,796.0,47.3,69.0,5.0,245000
honda,jazz_1.5_vx_i_dtec,2015,60000,diesel,manual,firstowner,27.3,1498.0,98.6,200.0,5.0,525000
maruti,sx4_zxi_with_leather_bsiii,2008,89000,petrol,manual,secondowner,15.6,1586.0,104.68,145.0,5.0,150000
tata,bolt_quadrajet_xe,2017,27000,diesel,manual,firstowner,22.95,1248.0,74.0,190.0,5.0,600000
honda,city_i_vtec_e,2014,60000,petrol,manual,firstowner,17.8,1497.0,117.3,145.0,5.0,650000
maruti,eeco_cng_5_seater_ac_bsiv,2017,140000,cng,manual,firstowner,30.716,1196.0,61.7,85.0,5.0,370000
tata,indica_v2_dls_tc,2009,118000,diesel,manual,secondowner,16.8,1405.0,62.0,12.5,5.0,90000
mahindra,bolero_slx_2wd_bsiii,2011,239451,diesel,manual,secondowner,13.6,2523.0,63.0,180.0,7.0,380000
mahindra,xuv500_at_w9_2wd,2018,20000,diesel,automatic,firstowner,16.0,2179.0,138.0,330.0,7.0,1500000
maruti,wagon_r_vxi_optional,2016,80000,petrol,manual,firstowner,20.51,998.0,67.04,90.0,5.0,390000
mahindra,tuv_300_t6_plus,2017,60000,diesel,manual,firstowner,18.49,1493.0,100.0,240.0,7.0,750000
mahindra,bolero_2011-2019_sle_bsiii,2016,120000,diesel,manual,firstowner,15.96,2523.0,62.1,195.0,7.0,550000
maruti,wagon_r_vxi,2010,35000,petrol,manual,firstowner,18.9,998.0,67.1,90.0,5.0,200000
maruti,swift_dzire_zdi,2013,80000,diesel,manual,fourthowner,23.4,1248.0,74.0,190.0,5.0,375000
nissan,micra_diesel_xl,2013,120000,diesel,manual,firstowner,23.08,1461.0,63.1,160.0,5.0,250000
maruti,800_ac,1999,80000,petrol,manual,thirdowner,16.1,796.0,37.0,59.0,4.0,80000
tata,zest_quadrajet_1.3_75ps_xm,2016,120000,diesel,manual,firstowner,22.95,1248.0,74.0,190.0,5.0,320000
maruti,alto_lx,2011,35000,petrol,manual,firstowner,19.7,796.0,46.3,62.0,5.0,220000
ford,figo_1.2p_ambiente_mt,2011,25000,petrol,manual,firstowner,18.16,1196.0,86.8,112.0,5.0,245000
maruti,swift_dzire_vxi,2008,70000,petrol,manual,fourthowner,17.5,1298.0,85.8,114.0,5.0,250000
toyota,innova_2.5_vx_7_str,2011,250000,diesel,manual,secondowner,12.8,2494.0,102.0,20.4,7.0,550000
hyundai,accent_gls_1.6_abs,2006,140000,petrol,manual,secondowner,14.4,1599.0,94.0,12.5,5.0,110000
maruti,ertiga_vxi,2012,59000,petrol,manual,firstowner,16.02,1373.0,93.7,130.0,7.0,560000
maruti,swift_vdi_bsiii,2008,100000,diesel,manual,secondowner,17.8,1248.0,75.0,190.0,5.0,260000
mahindra,scorpio_ex,2013,195000,diesel,manual,firstowner,14.0,2523.0,75.0,200.0,8.0,500000
honda,amaze_s_at_i-vtech,2015,45000,petrol,automatic,firstowner,15.5,1198.0,86.7,109.0,5.0,415000
volkswagen,polo_2015-2019_1.0_mpi_trendline,2018,14495,petrol,manual,firstowner,18.78,999.0,75.0,95.0,5.0,560000
chevrolet,beat_lt,2012,60000,petrol,manual,firstowner,18.6,1199.0,79.4,108.0,5.0,180000
tata,new_safari_dicor_2.2_gx_4x2_bs_iv,2010,100000,diesel,manual,secondowner,13.93,2179.0,138.1,320.0,7.0,235000
maruti,swift_dzire_ldi,2018,120000,diesel,manual,firstowner,28.4,1248.0,74.02,190.0,5.0,550000
toyota,innova_2.5_g_(diesel)_7_seater_bs_iv,2008,120000,diesel,manual,secondowner,12.8,2494.0,102.0,20.4,8.0,370000
toyota,etios_gd,2014,120000,diesel,manual,secondowner,23.59,1364.0,67.04,170.0,5.0,400000
maruti,ertiga_vdi,2013,92000,diesel,manual,thirdowner,20.77,1248.0,88.76,200.0,7.0,500000
hyundai,i20_1.4_sportz,2017,60000,diesel,manual,firstowner,22.54,1396.0,88.73,219.7,5.0,600000
maruti,alto_lxi,2007,88700,petrol,manual,thirdowner,19.7,796.0,46.3,62.0,5.0,130000
hyundai,i20_magna,2013,31377,petrol,manual,secondowner,18.5,1197.0,82.85,113.7,5.0,320000
tata,manza_aura_quadrajet,2009,43000,diesel,manual,firstowner,18.8,1248.0,90.0,200.0,5.0,250000
tata,indigo_cs_lx_(tdi)_bs_iii,2012,50000,diesel,manual,thirdowner,19.09,1396.0,69.0,135.0,5.0,180000
tata,manza_elan_quadrajet_bs_iv,2011,120000,diesel,manual,firstowner,21.12,1248.0,88.8,200.0,5.0,265000
maruti,wagon_r_vxi_bs_iv,2015,60000,petrol,manual,firstowner,20.51,998.0,67.04,90.0,5.0,290000
maruti,wagon_r_vxi_1.2,2019,10000,petrol,manual,firstowner,20.52,1197.0,81.8,113.0,5.0,490000
hyundai,i20_sportz_1.2,2015,90000,petrol,manual,firstowner,18.6,1197.0,81.83,114.7,5.0,516000
mahindra,kuv_100_d75_k6_plus_5str,2016,62000,diesel,manual,firstowner,25.32,1198.0,77.0,190.0,5.0,390000
maruti,alto_k10_2010-2014_vxi,2013,25000,petrol,manual,firstowner,20.92,998.0,67.1,90.0,5.0,215000
maruti,zen_estilo_lxi_bs_iv,2009,60000,petrol,manual,firstowner,19.0,998.0,67.1,90.0,5.0,165000
maruti,swift_dzire_vxi,2010,60000,petrol,manual,secondowner,17.5,1298.0,85.8,114.0,5.0,240000
bmw,x6_xdrive30d,2013,56000,diesel,automatic,firstowner,11.2,2993.0,241.0,540.0,4.0,3750000
tata,bolt_quadrajet_xm,2017,50000,diesel,manual,firstowner,22.95,1248.0,74.0,190.0,5.0,600000
maruti,omni_e_mpi_std_bs_iv,2016,60000,petrol,manual,firstowner,16.8,796.0,34.2,59.0,8.0,210000
renault,kwid_1.0_rxt_optional,2016,34000,petrol,manual,firstowner,23.01,999.0,67.0,91.0,5.0,300000
maruti,800_ac,2006,70000,petrol,manual,secondowner,16.1,796.0,37.0,59.0,4.0,155000
tata,tigor_1.2_revotron_xe,2019,25000,petrol,manual,firstowner,20.3,1199.0,84.0,114.0,5.0,450000
maruti,800_ac_bsiii,2004,80000,petrol,manual,secondowner,16.1,796.0,37.0,59.0,4.0,120000
ford,ecosport_1.5_ti_vct_mt_trend_bsiv,2016,50478,petrol,manual,firstowner,15.85,1499.0,110.4,140.0,5.0,670000
tata,tiago_2019-2020_xz_plus_diesel,2019,2000,diesel,manual,firstowner,27.28,1047.0,69.0,140.0,5.0,670000
hyundai,i20_magna_1.4_crdi,2016,90000,diesel,manual,secondowner,22.54,1396.0,88.73,219.7,5.0,550000
hyundai,grand_i10_1.2_kappa_sportz_dual_tone,2019,10000,petrol,manual,firstowner,18.9,1197.0,81.86,113.75,5.0,640000
maruti,ciaz_s_1.3,2017,47747,diesel,manual,firstowner,28.09,1248.0,88.5,200.0,5.0,810000
hyundai,santro_ls_zipplus,2000,50000,petrol,manual,secondowner,,,,,,140000
honda,civic_1.8_v_at,2009,105000,petrol,automatic,secondowner,12.9,1799.0,130.0,172.0,5.0,250000
maruti,omni_e_8_str_std,2003,90000,petrol,manual,secondowner,,,,,,40000
mahindra,bolero_di,2011,80000,diesel,manual,firstowner,13.6,2523.0,63.0,180.0,7.0,380000
tata,indigo_lx,2010,120000,diesel,manual,firstowner,17.0,1405.0,70.0,13.5,5.0,130000
honda,brv_i-dtec_v_mt,2016,72113,diesel,manual,firstowner,21.9,1498.0,98.6,200.0,7.0,850000
maruti,alto_lx,2011,60000,petrol,manual,thirdowner,19.7,796.0,46.3,62.0,5.0,130000
honda,city_2017-2020_vtec,2006,80000,petrol,manual,secondowner,16.9,1497.0,100.0,13.5,5.0,150000
tata,indigo_cs_ls_(tdi)_bs-iii,2014,45000,diesel,manual,firstowner,19.09,1405.0,69.01,135.0,5.0,300000
maruti,alto_k10_knightracer,2012,16830,petrol,manual,firstowner,20.2,998.0,67.1,90.0,5.0,260000
skoda,rapid_1.6_mpi_at_ambition_bsiv,2019,10000,petrol,automatic,firstowner,14.84,1598.0,103.2,153.0,5.0,835000
honda,city_2017-2020_gxi,2008,110000,petrol,manual,secondowner,17.7,1497.0,78.0,12.7,5.0,200000
volkswagen,polo_diesel_comfortline_1.2l,2013,80000,diesel,manual,firstowner,22.07,1199.0,73.9,180.0,5.0,360000
maruti,alto_800_vxi,2016,50000,petrol,manual,firstowner,22.74,796.0,47.3,69.0,5.0,270000
maruti,alto_800_lx,2015,28000,petrol,manual,secondowner,22.74,796.0,47.3,69.0,5.0,280000
mahindra,bolero_di_dx_8_seater,2009,70000,diesel,manual,secondowner,13.6,2523.0,63.0,180.0,8.0,270000
hyundai,eon_magna_plus_option,2012,44588,petrol,manual,firstowner,21.1,814.0,55.2,74.5,5.0,250000
tata,bolt_revotron_xe,2015,16500,petrol,manual,firstowner,17.57,1193.0,88.7,140.0,5.0,299000
honda,wr-v_i-dtec_vx,2018,25000,diesel,manual,firstowner,25.5,1498.0,98.6,200.0,5.0,800000
mahindra,bolero_sle,2009,170000,diesel,manual,secondowner,13.6,2523.0,63.0,180.0,7.0,400000
maruti,swift_dzire_vdi,2014,110000,diesel,manual,secondowner,23.4,1248.0,74.0,190.0,5.0,434999
tata,safari_dicor_2.2_lx_4x2,2012,135000,diesel,manual,firstowner,13.93,2179.0,138.03,320.0,7.0,525000
land,rover_range_rover_evoque_2.2l_pure,2013,77500,diesel,automatic,thirdowner,12.7,2179.0,187.7,420.0,5.0,2000000
toyota,yaris_v_cvt_bsiv,2018,25000,petrol,automatic,firstowner,17.8,1496.0,105.5,140.0,5.0,1100000
hyundai,accent_executive,2012,109322,petrol,manual,secondowner,16.36,1495.0,93.7,124.6,5.0,225000
maruti,swift_dzire_vxi,2017,50000,petrol,manual,firstowner,20.85,1197.0,83.14,115.0,5.0,550000
skoda,fabia_1.2l_diesel_ambiente,2011,100000,diesel,manual,firstowner,19.5,1199.0,75.0,180.0,5.0,210000
maruti,swift_dzire_vxi,2014,40000,petrol,manual,firstowner,19.1,1197.0,85.8,114.0,5.0,475000
tata,zest_revotron_1.2_xt,2015,50000,petrol,manual,firstowner,17.57,1193.0,88.7,140.0,5.0,325000
maruti,zen_estilo_lxi_bsiii,2007,70000,petrol,manual,firstowner,18.2,998.0,67.1,90.0,5.0,90000
honda,city_2017-2020_gxi,2006,80000,petrol,manual,secondowner,17.7,1497.0,78.0,12.7,5.0,93150
maruti,alto_800_lxi,2016,25000,petrol,manual,firstowner,22.74,796.0,47.3,69.0,5.0,300000
volkswagen,polo_gt_tdi,2012,110000,diesel,manual,secondowner,19.7,1598.0,103.6,250.0,5.0,400000
chevrolet,sail_lt_abs,2015,80000,diesel,manual,secondowner,22.1,1248.0,74.0,190.0,5.0,480000
maruti,omni_8_seater_bsii,2008,70000,petrol,manual,fourthowner,19.7,796.0,35.0,6.1,8.0,160000
ford,figo_titanium_diesel,2013,158000,diesel,manual,firstowner,24.4,1499.0,98.96,215.0,5.0,325000
hyundai,i20_era_1.4_crdi,2016,56239,diesel,manual,firstowner,22.54,1396.0,88.73,219.7,5.0,570000
ford,ecosport_1.5_tdci_trend_plus_bsiv,2017,60000,diesel,manual,firstowner,22.77,1498.0,98.59,205.0,5.0,800000
hyundai,santro_xing_gl,2010,110000,petrol,manual,firstowner,0.0,1086.0,62.0,96.1,5.0,150000
maruti,swift_vdi,2013,100000,diesel,manual,thirdowner,22.9,1248.0,74.0,190.0,5.0,320000
honda,jazz_vx_diesel,2015,63000,diesel,manual,firstowner,27.3,1498.0,98.6,200.0,5.0,525000
honda,wr-v_i-dtec_vx,2018,30000,diesel,manual,firstowner,25.5,1498.0,98.6,200.0,5.0,834000
tata,safari_dicor_2.2_lx_4x2,2012,80000,diesel,manual,firstowner,13.93,2179.0,138.03,320.0,7.0,390000
honda,city_1.5_v_at,2010,25000,petrol,automatic,firstowner,16.8,1497.0,118.0,146.0,5.0,800000
hyundai,verna_crdi_1.6_sx,2018,70000,diesel,manual,firstowner,22.0,1582.0,126.2,259.87,5.0,950000
toyota,etios_liva_1.4_gd,2014,54891,diesel,manual,firstowner,23.59,1364.0,67.04,170.0,5.0,480000
toyota,innova_2.5_vx_(diesel)_7_seater,2014,88000,diesel,manual,secondowner,12.99,2494.0,100.6,200.0,7.0,1019999
hyundai,grand_i10_1.2_kappa_magna_bsiv,2017,27000,petrol,manual,firstowner,18.9,1197.0,81.86,113.75,5.0,445000
maruti,vitara_brezza_ldi_option,2017,70000,diesel,manual,firstowner,24.3,1248.0,88.5,200.0,5.0,650000
mahindra,tuv_300_t6_plus_amt,2015,40000,diesel,automatic,firstowner,18.49,1493.0,100.0,240.0,7.0,620000
mahindra,bolero_power_plus_sle,2017,40000,diesel,manual,firstowner,16.5,1493.0,70.0,195.0,7.0,620000
maruti,wagon_r_vxi,2009,77000,petrol,manual,secondowner,21.79,998.0,67.05,90.0,5.0,185000
ford,ecosport_1.5_diesel_titanium_plus_bsiv,2017,33000,diesel,manual,firstowner,23.0,1498.0,98.96,205.0,5.0,880000
tata,indica_v2_els,2016,110000,diesel,manual,secondowner,25.0,1396.0,69.0,140.0,5.0,200000
maruti,celerio_vxi,2015,30000,petrol,manual,secondowner,23.1,998.0,67.04,90.0,5.0,290000
tata,tiago_1.2_revotron_xz,2017,25000,petrol,manual,firstowner,23.84,1199.0,84.0,114.0,5.0,430000
maruti,alto_lxi,2005,99361,petrol,manual,secondowner,19.7,796.0,46.3,62.0,5.0,90000
maruti,a-star_vxi,2009,50000,petrol,manual,firstowner,19.0,998.0,66.1,90.0,5.0,185000
maruti,dzire_zxi,2020,20000,petrol,manual,firstowner,23.26,1197.0,88.5,113.0,5.0,700000
hyundai,verna_1.6_sx_crdi_(o),2011,153000,diesel,manual,firstowner,22.32,1582.0,126.32,259.8,5.0,390000
maruti,swift_dzire_vdi,2017,43000,diesel,manual,firstowner,28.4,1248.0,74.02,190.0,5.0,625000
tata,indica_vista_aqua_1.3_quadrajet_(abs),2013,120000,diesel,manual,secondowner,,,,,,130000
maruti,zen_estilo_1.1_lxi_bsiii,2007,35000,petrol,manual,firstowner,18.2,1061.0,64.0,84.0,5.0,150000
toyota,innova_2.5_v_diesel_7-seater,2011,291000,diesel,manual,secondowner,12.8,2494.0,102.0,20.4,7.0,750000
maruti,ritz_vdi,2010,110000,diesel,manual,thirdowner,21.1,1248.0,73.9,113.0,5.0,220000
mahindra,xylo_e4_bs_iii,2014,78000,diesel,manual,firstowner,11.68,2498.0,112.0,260.0,7.0,390000
hyundai,santro_xing_xs_erlx_euro_iii,2005,82000,petrol,manual,fourthowner,,,,,,90000
honda,city_v_mt,2012,80000,petrol,manual,secondowner,16.8,1497.0,116.3,146.0,5.0,330000
chevrolet,beat_diesel_lt,2012,100000,diesel,manual,thirdowner,25.44,936.0,57.6,150.0,5.0,225000
hyundai,i20_magna,2014,30000,petrol,manual,secondowner,18.5,1197.0,82.85,113.7,5.0,330000
tata,indica_v2_2001-2011_dls_bsiii,2008,120000,diesel,manual,fourthowner,17.88,1396.0,52.8,85.0,5.0,60000
hyundai,grand_i10_1.2_kappa_sportz_bsiv,2019,15000,petrol,manual,firstowner,18.9,1197.0,81.86,113.75,5.0,488999
maruti,celerio_vxi,2015,40000,petrol,manual,secondowner,23.1,998.0,67.04,90.0,5.0,360000
mahindra,bolero_2011-2019_zlx,2014,70000,diesel,manual,secondowner,15.96,2523.0,62.1,195.0,7.0,509999
maruti,swift_vxi_optional,2016,23700,petrol,manual,firstowner,20.4,1197.0,81.8,113.0,5.0,470000
maruti,omni_8_seater_bsiv,2008,58632,petrol,manual,secondowner,14.0,796.0,35.0,6.1,5.0,114999
chevrolet,beat_lt,2016,30000,petrol,manual,firstowner,18.6,1199.0,76.8,106.5,5.0,310000
hyundai,verna_1.6_crdi,2013,125000,diesel,manual,thirdowner,22.32,1582.0,126.3,259.9,5.0,475000
tata,indica_v2_dls,2011,80000,diesel,manual,firstowner,17.2,1396.0,53.5,8.5,5.0,100000
ford,aspire_titanium_diesel_bsiv,2017,75000,diesel,manual,firstowner,26.1,1498.0,99.23,215.0,5.0,725000
toyota,innova_crysta_2.4_vx_mt_bsiv,2018,35000,diesel,manual,secondowner,13.68,2393.0,147.8,343.0,7.0,1600000
hyundai,verna_1.6_crdi_s,2015,119000,diesel,manual,firstowner,23.9,1582.0,126.2,259.9,5.0,560000
hyundai,eon_1.0_era_plus,2018,25000,petrol,manual,firstowner,20.3,998.0,68.05,94.14,5.0,350000
mahindra,xuv500_w8_2wd,2015,64800,diesel,manual,firstowner,15.1,2179.0,140.0,330.0,7.0,850000
mahindra,bolero_2011-2019_di_non_ac_bs_iii_white,2013,80000,diesel,manual,firstowner,15.96,2523.0,63.0,180.0,9.0,400000
maruti,celerio_x_vxi,2018,50000,petrol,manual,firstowner,21.63,998.0,67.0,90.0,5.0,459999
maruti,wagon_r_vxi_bsiii,2011,80000,petrol,manual,firstowner,18.9,998.0,67.1,90.0,5.0,200000
mercedesbenz,gl-class_220d_4matic_sport,2018,7976,diesel,automatic,firstowner,17.9,2143.0,170.0,400.0,5.0,4600000
mahindra,bolero_2011-2019_plus_ac,2016,120000,diesel,manual,firstowner,15.96,2523.0,62.1,195.0,9.0,550000
tata,indica_v2_dls,2007,150000,diesel,manual,secondowner,17.2,1396.0,53.5,8.5,5.0,85000
hyundai,verna_1.6_sx,2014,106000,diesel,manual,firstowner,22.32,1582.0,126.32,259.8,5.0,575000
tata,new_safari_dicor_2.2_vx_4x2_bs_iv,2011,120000,diesel,manual,firstowner,13.93,2179.0,138.1,320.0,7.0,240000
maruti,swift_vdi_windsong_limited_edition,2015,114000,diesel,manual,firstowner,25.2,1248.0,73.94,190.0,5.0,565000
maruti,alto_lx,2006,40000,petrol,manual,firstowner,19.7,796.0,46.3,62.0,5.0,100000
hyundai,i10_sportz,2014,15000,petrol,manual,firstowner,20.36,1197.0,78.9,111.8,5.0,320000
chevrolet,enjoy_1.3_tcdi_ls_8,2016,80000,diesel,manual,firstowner,18.2,1248.0,73.74,172.5,8.0,490000
hyundai,creta_1.4_crdi_s_plus,2018,25000,diesel,manual,firstowner,21.38,1396.0,88.7,219.7,5.0,1210000
hyundai,xcent_1.1_crdi_sx_option,2015,50000,diesel,manual,secondowner,24.4,1120.0,71.0,180.4,5.0,500000
volkswagen,vento_1.5_tdi_highline_bsiv,2019,5400,diesel,manual,testdrivecar,22.27,1498.0,108.6,250.0,5.0,1350000
toyota,innova_2.5_e_diesel_ms_8-seater,2007,248119,diesel,manual,fourthowner,12.8,2494.0,102.0,20.4,8.0,409999
hyundai,eon_magna_optional,2013,58609,petrol,manual,secondowner,21.1,814.0,55.2,74.5,5.0,195000
tata,indica_vista_quadrajet_vx_tech,2014,120000,diesel,manual,firstowner,22.3,1248.0,74.0,190.0,5.0,225000
maruti,vitara_brezza_zdi,2018,17000,diesel,manual,firstowner,24.3,1248.0,88.5,200.0,5.0,835000
mahindra,xylo_e4_abs_bs_iv,2012,120000,diesel,manual,firstowner,11.68,2498.0,112.0,260.0,7.0,320000
volkswagen,polo_1.2_mpi_comfortline,2015,42000,petrol,manual,firstowner,16.47,1198.0,74.0,110.0,5.0,455000
hyundai,xcent_1.2_crdi_sx,2017,50000,diesel,manual,firstowner,25.4,1186.0,73.97,190.25,5.0,625000
volkswagen,vento_diesel_highline,2012,120000,diesel,manual,secondowner,20.54,1598.0,103.6,250.0,5.0,280000
hyundai,creta_1.6_sx_automatic,2018,5000,petrol,automatic,firstowner,14.8,1591.0,121.3,151.0,5.0,1350000
tata,sumo_gold_ex,2014,101200,diesel,manual,secondowner,15.3,2956.0,83.83,250.0,7.0,350000
toyota,etios_gd,2012,158500,diesel,manual,thirdowner,,,,,,400000
honda,city_i_dtec_s,2015,70000,diesel,manual,firstowner,26.0,1498.0,98.6,200.0,5.0,600000
ford,ecosport_1.5_tdci_titanium_plus_bsiv,2015,138000,diesel,manual,firstowner,22.77,1498.0,98.59,205.0,5.0,550000
ford,endeavour_2.5l_4x2_mt,2012,170000,diesel,manual,firstowner,13.1,2499.0,141.0,330.0,7.0,551000
volkswagen,polo_diesel_highline_1.2l,2012,60300,diesel,manual,firstowner,22.07,1199.0,73.9,180.0,5.0,300000
maruti,swift_dzire_vdi_bsiv,2017,82050,diesel,manual,firstowner,19.3,1248.0,73.9,190.0,5.0,650000
maruti,swift_dzire_vxi,2015,50000,petrol,manual,firstowner,20.85,1197.0,83.14,115.0,5.0,550000
chevrolet,sail_hatchback_lt_abs,2013,70000,diesel,manual,firstowner,22.1,1248.0,76.9,205.0,5.0,200000
maruti,ritz_vdi,2014,30000,diesel,manual,firstowner,23.2,1248.0,73.94,190.0,5.0,370000
maruti,wagon_r_vxi_optional,2018,30000,petrol,manual,firstowner,20.51,998.0,67.04,90.0,5.0,432000
maruti,swift_vdi,2014,40000,diesel,manual,firstowner,28.4,1248.0,74.0,190.0,5.0,455000
hyundai,verna_1.6_sx,2013,150000,diesel,manual,secondowner,22.32,1582.0,126.32,259.8,5.0,522000
maruti,swift_vdi,2014,67000,diesel,manual,firstowner,28.4,1248.0,74.0,190.0,5.0,490000
honda,city_zxi_at,2005,100000,petrol,automatic,secondowner,12.0,1493.0,100.0,13.1,5.0,110000
tata,indigo_lx,2010,90000,diesel,manual,firstowner,17.0,1405.0,70.0,13.5,5.0,150000
mahindra,bolero_sle_bsiii,2011,120000,diesel,manual,firstowner,13.6,2523.0,63.0,180.0,7.0,280000
hyundai,i10_era,2011,50000,petrol,manual,firstowner,19.81,1086.0,68.05,99.04,5.0,225000
maruti,wagon_r_lxi,2006,150000,petrol,manual,secondowner,18.9,998.0,67.1,90.0,5.0,140000
chevrolet,beat_diesel,2012,49000,diesel,manual,thirdowner,25.44,936.0,57.6,150.0,5.0,135000
hyundai,i10_magna_1.1l,2008,44391,petrol,manual,secondowner,19.81,1086.0,68.05,99.04,5.0,180000
maruti,alto_800_vxi,2016,46737,petrol,manual,firstowner,22.74,796.0,47.3,69.0,5.0,320000
hyundai,eon_lpg_era_plus,2012,120000,lpg,manual,firstowner,29.54,814.0,55.2,74.5,5.0,222000
mahindra,scorpio_1.99_s6_plus,2015,70000,diesel,manual,firstowner,15.4,1997.0,120.0,280.0,7.0,875000
lexus,es_300h,2019,20000,petrol,automatic,firstowner,22.37,2487.0,214.56,202.0,5.0,5150000
hyundai,i20_sportz_1.2,2015,50000,petrol,manual,firstowner,18.6,1197.0,81.83,114.7,5.0,480000
maruti,alto_k10_vxi,2017,3564,petrol,manual,firstowner,23.95,998.0,67.05,90.0,5.0,325000
hyundai,i20_magna,2013,40000,petrol,manual,firstowner,18.5,1197.0,82.85,113.7,5.0,290000
maruti,swift_dzire_vdi,2013,105000,diesel,manual,secondowner,23.4,1248.0,74.0,190.0,5.0,420000
hyundai,i20_1.2_spotz,2017,20000,petrol,manual,firstowner,18.6,1197.0,81.83,114.7,5.0,650000
mahindra,scorpio_2009-2014_ex_2wd_9s,2014,50000,diesel,manual,secondowner,14.0,2523.0,75.0,200.0,9.0,655000
maruti,800_ac,1999,100000,petrol,manual,thirdowner,16.1,796.0,37.0,59.0,4.0,40000
honda,accord_vti-l_mt,2006,60000,petrol,manual,thirdowner,11.9,2354.0,144.0,20.0,5.0,200000
datsun,go_t_option_bsiv,2015,50000,petrol,manual,firstowner,20.63,1198.0,67.0,104.0,5.0,350000
mahindra,kuv_100_g80_k2,2018,15000,petrol,manual,firstowner,18.15,1198.0,82.0,115.0,6.0,400000
mahindra,bolero_2011-2019_di_non_ac_bs_iii_silver,2013,70000,diesel,manual,firstowner,15.96,2523.0,63.0,180.0,9.0,500000
maruti,a-star_vxi,2011,90000,petrol,manual,secondowner,19.0,998.0,66.1,90.0,5.0,220000
maruti,swift_vdi_bsiv,2014,50000,diesel,manual,firstowner,,,,,,217000
honda,city_i-dtec_vx,2017,33000,diesel,manual,firstowner,25.6,1498.0,97.9,200.0,5.0,1250000
mahindra,scorpio_vlx_2wd_airbag_bsiv,2011,50000,diesel,manual,thirdowner,12.05,2179.0,120.0,290.0,8.0,600000
mahindra,bolero_di_ac_bsiii,2005,80000,diesel,manual,firstowner,13.6,2523.0,63.0,180.0,7.0,250000
ford,figo_diesel_zxi,2012,40000,diesel,manual,firstowner,20.0,1399.0,68.0,160.0,5.0,250000
hyundai,i10_magna,2008,40000,petrol,manual,firstowner,20.36,1197.0,78.9,111.7,5.0,200000
maruti,swift_vdi,2012,90000,diesel,manual,secondowner,22.9,1248.0,74.0,190.0,5.0,400000
renault,kwid_rxt,2016,50000,petrol,manual,firstowner,25.17,799.0,53.3,72.0,5.0,265000
mahindra,verito_1.5_d4_bsiii,2011,100000,diesel,manual,secondowner,21.0,1461.0,64.1,160.0,5.0,174000
hyundai,verna_1.6_sx,2014,100000,diesel,manual,secondowner,22.32,1582.0,126.32,259.8,5.0,545000
ford,fiesta_1.5_tdci_titanium,2014,80000,diesel,manual,firstowner,25.01,1498.0,89.75,204.0,5.0,500000
honda,city_1.5_exi,2005,120000,petrol,manual,secondowner,13.0,1493.0,100.0,13.1,5.0,100000
tata,zest_revotron_1.2_xt,2015,40000,petrol,manual,firstowner,17.57,1193.0,88.7,140.0,5.0,380000
ford,figo_diesel_zxi,2011,40000,diesel,manual,secondowner,20.0,1399.0,68.0,160.0,5.0,229999
mahindra,scorpio_lx,2012,148000,diesel,manual,secondowner,12.05,2179.0,120.0,290.0,9.0,430000
renault,kwid_amt,2018,30000,petrol,automatic,secondowner,24.04,999.0,67.0,91.0,5.0,400000
tata,new_safari_dicor_2.2_ex_4x2,2008,120000,diesel,manual,secondowner,11.57,2179.0,138.1,320.0,7.0,300000
maruti,alto_800_lxi_anniversary_edition,2014,50000,petrol,manual,firstowner,22.74,796.0,47.3,69.0,5.0,240000
renault,pulse_rxz_optional,2012,100000,diesel,manual,firstowner,23.08,1461.0,63.1,160.0,5.0,245000
hyundai,grand_i10_1.2_kappa_sportz_bsiv,2019,10000,petrol,manual,firstowner,18.9,1197.0,81.86,113.75,5.0,550000
mahindra,bolero_2011-2019_slx,2016,90000,diesel,manual,secondowner,15.96,2523.0,62.1,195.0,7.0,625000
tata,indica_v2_dlx_tc,2008,60000,diesel,manual,secondowner,16.8,1405.0,68.0,13.0,5.0,45000
honda,city_i_vtec_v,2015,30000,petrol,manual,firstowner,17.4,1497.0,117.3,145.0,5.0,700000
honda,city_1.5_v_mt_exclusive,2010,91000,petrol,manual,secondowner,17.0,1497.0,118.0,146.0,5.0,310000
hyundai,accent_crdi,2006,90000,diesel,manual,secondowner,13.1,1493.0,82.0,187.0,5.0,120000
chevrolet,enjoy_1.3_tcdi_ls_7,2016,110000,diesel,manual,secondowner,18.2,1248.0,73.74,172.5,7.0,420000
volkswagen,vento_diesel_highline,2011,100000,diesel,manual,secondowner,20.54,1598.0,103.6,250.0,5.0,300000
tata,indica_v2_dle_bsiii,2007,50000,diesel,manual,firstowner,17.88,1396.0,52.8,85.0,5.0,200000
nissan,micra_xv_cvt,2017,21500,petrol,automatic,firstowner,19.34,1198.0,76.0,104.0,5.0,560000
bmw,3_series_320d_highline,2009,60000,diesel,automatic,secondowner,16.07,1995.0,181.0,380.0,5.0,1100000
maruti,swift_dzire_1.2_vxi_bsiv,2012,30000,petrol,manual,firstowner,17.5,1197.0,85.8,114.0,5.0,450000
honda,city_i-dtec_zx,2017,69000,diesel,manual,firstowner,25.6,1498.0,97.9,200.0,5.0,925000
toyota,etios_cross_1.2l_g,2015,10000,petrol,manual,firstowner,18.16,1197.0,78.8,104.0,5.0,600000
honda,city_2017-2020_vtec,2006,120000,petrol,manual,secondowner,16.9,1497.0,100.0,13.5,5.0,150000
maruti,swift_vdi_bsiv,2009,110000,diesel,manual,firstowner,,,,,,210000
mahindra,xuv500_w6_2wd,2015,90000,diesel,manual,firstowner,16.0,2179.0,140.0,330.0,7.0,819999
mahindra,bolero_power_plus_plus_non_ac_bsiv_ps,2015,100000,diesel,manual,firstowner,15.96,2523.0,63.0,180.0,9.0,484999
maruti,wagon_r_lxi_cng,2016,43000,cng,manual,secondowner,37.24,998.0,58.16,77.0,5.0,320000
hyundai,i20_1.2_asta,2019,9400,petrol,manual,firstowner,18.6,1197.0,81.83,114.7,5.0,721000
ford,figo_petrol_titanium,2011,80000,petrol,manual,secondowner,15.6,1196.0,70.0,102.0,5.0,240000
hyundai,grand_i10_1.2_kappa_sportz_option,2018,5000,petrol,manual,firstowner,18.9,1197.0,81.86,113.75,5.0,528000
ford,figo_aspire_1.5_tdci_trend,2015,100581,diesel,manual,firstowner,25.83,1498.0,99.0,215.0,5.0,415000
mahindra,xuv500_w6_2wd,2015,140000,diesel,manual,firstowner,15.1,2179.0,140.0,330.0,7.0,800000
toyota,qualis_gs_c1,2004,218000,diesel,manual,secondowner,,,,,,215000
ford,fiesta_1.4_sxi_tdci_abs,2010,163000,diesel,manual,firstowner,17.8,1399.0,68.0,16.3,5.0,325000
tata,hexa_xta,2017,60000,diesel,automatic,firstowner,17.6,2179.0,153.86,400.0,7.0,1445000
tata,tiago_1.05_revotorq_xt_option,2017,24000,diesel,manual,secondowner,27.28,1047.0,69.0,140.0,5.0,350000
renault,kwid_1.0_rxt_02_anniversary_edition,2017,38000,petrol,manual,firstowner,23.01,999.0,67.0,91.0,5.0,325000
hyundai,santro_xing_gls,2009,80000,petrol,manual,secondowner,17.92,1086.0,62.1,96.1,5.0,180000
maruti,alto_800_lxi,2013,50000,petrol,manual,firstowner,22.74,796.0,47.3,69.0,5.0,200000
jeep,compass_2.0_longitude_option_bsiv,2017,50000,diesel,manual,firstowner,17.1,1956.0,170.0,350.0,5.0,1550000
maruti,wagon_r_lxi_bsiii,2010,77000,petrol,manual,firstowner,18.9,998.0,67.1,90.0,5.0,180000
renault,duster_110ps_diesel_rxl,2013,100000,diesel,manual,secondowner,19.01,1461.0,108.45,248.0,5.0,345000
hyundai,verna_1.6_sx_crdi_(o),2017,70000,diesel,manual,firstowner,22.32,1582.0,126.32,259.8,5.0,1050000
hyundai,creta_1.6_crdi_sx_option,2015,70000,diesel,manual,firstowner,19.67,1582.0,126.2,259.9,5.0,1000000
maruti,s-cross_2017-2020_zeta_ddis_200_sh,2018,51000,diesel,manual,firstowner,25.1,1248.0,88.5,200.0,5.0,950000
volkswagen,polo_gt_tsi,2013,54327,petrol,automatic,secondowner,17.2,1197.0,103.6,175.0,5.0,453000
maruti,celerio_x_zxi,2020,120000,petrol,manual,secondowner,21.63,998.0,67.0,90.0,5.0,250000
ford,classic_1.4_duratorq_clxi,2014,100000,diesel,manual,secondowner,19.68,1399.0,67.0,160.0,5.0,330000
maruti,zen_lxi,2005,90000,petrol,manual,firstowner,17.3,993.0,60.0,78.0,5.0,85000
maruti,swift_dzire_vdi,2015,50000,diesel,manual,firstowner,26.59,1248.0,74.0,190.0,5.0,600000
mahindra,scorpio_vlx_2wd_airbag_se_bsiv,2012,90000,diesel,manual,thirdowner,12.05,2179.0,120.0,290.0,8.0,540000
hyundai,i20_magna,2010,49000,petrol,manual,firstowner,18.5,1197.0,80.0,11.4,5.0,300000
tata,indica_vista_aura_plus_1.3_quadrajet_bs_iv,2010,140000,diesel,manual,firstowner,18.4,1248.0,75.0,190.0,5.0,229999
mahindra,scorpio_s4_plus_4wd,2015,70000,diesel,manual,firstowner,15.4,2179.0,120.0,280.0,7.0,715000
renault,duster_85ps_diesel_rxl_plus,2013,100000,diesel,manual,thirdowner,20.45,1461.0,83.8,200.0,5.0,325000
hyundai,i20_magna,2010,60000,petrol,manual,firstowner,18.5,1197.0,80.0,11.4,5.0,270000
honda,amaze_s_i-dtech,2015,90000,diesel,manual,secondowner,25.8,1498.0,98.6,200.0,5.0,455000
toyota,innova_2.5_g_(diesel)_8_seater_bs_iv,2007,170000,diesel,manual,firstowner,12.8,2494.0,102.0,20.4,8.0,400000
maruti,alto_lxi,2009,40000,petrol,manual,firstowner,19.7,796.0,46.3,62.0,5.0,150000
hyundai,eon_sportz,2018,15000,petrol,manual,firstowner,21.1,814.0,55.2,74.5,5.0,444000
maruti,swift_ldi_bsiii,2007,150000,diesel,manual,fourthowner,17.8,1248.0,75.0,190.0,5.0,250000
toyota,etios_vx,2011,120000,petrol,manual,thirdowner,17.6,1496.0,88.7,132.0,5.0,300000
skoda,rapid_1.5_tdi_ambition,2014,120000,diesel,manual,secondowner,21.14,1498.0,103.52,250.0,5.0,370000
mahindra,tuv_300_t8_amt,2016,90000,diesel,automatic,secondowner,18.49,1493.0,100.0,230.0,7.0,600000
datsun,redigo_amt_1.0_s,2018,20000,petrol,automatic,firstowner,23.0,999.0,67.0,91.0,5.0,275000
maruti,sx4_vxi_bsiii,2007,120000,petrol,manual,thirdowner,15.0,1586.0,104.68,145.0,5.0,125000
hyundai,grand_i10_magna,2014,50000,petrol,manual,secondowner,18.9,1197.0,82.0,114.0,5.0,380000
tata,indica_vista_quadrajet_vx,2012,110000,diesel,manual,firstowner,22.3,1248.0,74.0,190.0,5.0,150000
ford,figo_diesel_zxi,2010,110000,diesel,manual,secondowner,20.0,1399.0,68.0,160.0,5.0,200000
mercedesbenz,gl-class_220d_4matic_sport,2018,6000,diesel,automatic,firstowner,17.9,2143.0,170.0,400.0,5.0,4600000
honda,city_i-vtec_v,2011,40000,petrol,manual,firstowner,17.4,1497.0,117.6,145.0,5.0,325000
hyundai,eon_sportz,2013,50000,petrol,manual,secondowner,21.1,814.0,55.2,74.5,5.0,219000
tata,indigo_cs_elx_bs_iv,2017,50000,diesel,manual,firstowner,25.0,1396.0,69.01,140.0,5.0,350000
maruti,swift_vdi_bsiv,2015,31000,diesel,manual,secondowner,25.2,1248.0,74.0,190.0,5.0,600000
tata,nano_cx,2009,15000,petrol,manual,firstowner,26.0,624.0,35.0,48.0,4.0,70000
maruti,swift_dzire_tour_ldi,2016,175000,diesel,manual,firstowner,23.4,1248.0,74.0,190.0,5.0,450000
ford,ikon_1.3_clxi,2003,83000,petrol,manual,secondowner,13.8,1299.0,70.0,10.7,5.0,110000
maruti,vitara_brezza_zdi_plus,2017,35000,diesel,manual,firstowner,24.3,1248.0,88.5,200.0,5.0,830000
maruti,ritz_vdi,2013,120000,diesel,manual,firstowner,23.2,1248.0,73.94,190.0,5.0,320000
mahindra,scorpio_slx_4wd_le,2008,120000,diesel,manual,fourthowner,12.7,2609.0,120.0,290.0,8.0,365000
hyundai,verna_crdi_sx,2007,90000,diesel,manual,fourthowner,16.8,1493.0,110.0,24.0,5.0,185000
maruti,eeco_cng_htr_5-str,2017,30000,cng,manual,firstowner,30.716,1196.0,63.0,83.0,5.0,390000
maruti,800_std,2012,70000,petrol,manual,secondowner,16.1,796.0,37.0,59.0,4.0,100000
maruti,alto_800_lxi,2014,55000,petrol,manual,firstowner,22.74,796.0,47.3,69.0,5.0,180000
toyota,corolla_ae,2006,100000,petrol,manual,fourthowner,13.4,1794.0,125.0,16.1,5.0,150000
maruti,swift_dzire_vxi,2014,30000,petrol,manual,firstowner,19.1,1197.0,85.8,114.0,5.0,550000
ford,figo_diesel_titanium,2010,50000,diesel,manual,secondowner,20.0,1399.0,68.0,160.0,5.0,144000
toyota,innova_crysta_2.4_vx_mt,2017,98000,diesel,manual,firstowner,13.68,2393.0,147.51,343.0,7.0,1750000
maruti,alto_800_lxi,2014,40000,petrol,manual,secondowner,22.74,796.0,47.3,69.0,5.0,250000
honda,cr-v_2.4l_4wd,2005,85000,petrol,manual,thirdowner,11.1,2354.0,158.8,218.0,5.0,476999
honda,city_1.5_gxi,2004,110000,petrol,manual,thirdowner,12.8,1493.0,100.0,13.1,5.0,198000
renault,duster_85ps_diesel_rxl,2016,50000,diesel,manual,firstowner,19.87,1461.0,83.8,200.0,5.0,535000
jaguar,xe_2016-2019_2.0l_diesel_prestige,2017,9000,diesel,automatic,firstowner,13.6,1999.0,177.0,430.0,5.0,2711000
mahindra,xylo_d2_bsiv,2014,100000,diesel,manual,firstowner,14.0,2489.0,95.0,220.0,8.0,280000
toyota,innova_2.5_g_(diesel)_7_seater,2014,50000,diesel,manual,firstowner,12.99,2494.0,100.6,200.0,7.0,750000
tata,zest_quadrajet_1.3_75ps_xe,2019,15000,diesel,manual,firstowner,22.95,1248.0,74.0,190.0,5.0,650000
renault,duster_110ps_diesel_rxl,2015,136000,diesel,manual,firstowner,19.01,1461.0,108.45,248.0,5.0,600000
hyundai,verna_1.6_crdi,2014,56000,diesel,manual,firstowner,22.32,1582.0,126.3,259.9,5.0,580000
mahindra,scorpio_lx,2014,110000,diesel,manual,secondowner,12.05,2179.0,120.0,290.0,9.0,520000
maruti,swift_dzire_vdi,2017,40000,diesel,manual,firstowner,28.4,1248.0,74.02,190.0,5.0,680000
maruti,800_ac,2000,100000,petrol,manual,thirdowner,16.1,796.0,37.0,59.0,4.0,65000
toyota,innova_2.5_g_(diesel)_7_seater,2014,300000,diesel,manual,secondowner,12.99,2494.0,100.6,200.0,7.0,700000
maruti,celerio_vxi_at,2014,65204,petrol,automatic,firstowner,23.1,998.0,67.04,90.0,5.0,325000
maruti,swift_dzire_vxi,2015,30000,petrol,manual,firstowner,20.85,1197.0,83.14,115.0,5.0,511000
maruti,swift_dzire_zxi,2017,70000,petrol,manual,firstowner,20.85,1197.0,83.14,115.0,5.0,650000
mahindra,scorpio_s10_7_seater,2015,75262,diesel,manual,firstowner,15.4,2179.0,120.0,280.0,7.0,950000
ford,freestyle_titanium_petrol_bsiv,2019,10000,petrol,manual,firstowner,19.0,1194.0,94.68,120.0,5.0,720000
maruti,swift_vxi_bsiv,2016,8588,petrol,manual,firstowner,22.0,1197.0,81.8,113.0,5.0,550000
maruti,800_dx,1998,100000,petrol,manual,secondowner,16.1,796.0,37.0,59.0,4.0,70000
tata,manza_aura_(abs)_quadrajet,2011,90000,diesel,manual,firstowner,18.8,1248.0,90.0,200.0,5.0,190000
hyundai,elite_i20_petrol_magna_exective,2019,10000,petrol,manual,firstowner,18.6,1197.0,81.86,114.73,5.0,590000
mahindra,xuv500_w6_2wd,2013,91000,diesel,manual,firstowner,15.1,2179.0,140.0,330.0,7.0,600000
hyundai,sonata_2.4l_at,2008,50000,petrol,automatic,firstowner,11.0,2359.0,165.0,23.6,5.0,168000
mahindra,marazzo_m8,2019,10000,diesel,manual,firstowner,17.3,1497.0,121.0,300.0,7.0,1450000
tata,tiago_1.2_revotron_xm_option,2017,30000,petrol,manual,firstowner,23.84,1199.0,84.0,114.0,5.0,380000
maruti,swift_dzire_vdi,2013,63000,diesel,manual,firstowner,23.4,1248.0,74.0,190.0,5.0,430000
maruti,swift_dzire_vdi,2013,70000,diesel,manual,thirdowner,23.4,1248.0,74.0,190.0,5.0,360000
maruti,alto_800_lxi,2014,70000,petrol,manual,thirdowner,22.74,796.0,47.3,69.0,5.0,190000
maruti,alto_800_lx,2017,15000,petrol,manual,firstowner,24.7,796.0,47.3,69.0,5.0,282000
chevrolet,beat_lt,2010,68000,petrol,manual,fourthowner,18.6,1199.0,79.4,108.0,5.0,150000
maruti,sx4_vdi,2014,50000,diesel,manual,secondowner,21.79,1248.0,88.73,200.0,5.0,425000
hyundai,verna_1.4_vtvt,2016,40000,petrol,manual,firstowner,17.43,1396.0,105.5,135.3,5.0,650000
maruti,swift_dzire_vxi,2010,80000,petrol,manual,thirdowner,17.5,1298.0,85.8,114.0,5.0,231000
tata,indigo_cs_ls_(tdi)_bs_iii,2009,120000,diesel,manual,thirdowner,19.09,1396.0,69.0,135.0,5.0,114999
toyota,innova_crysta_2.8_zx_at_bsiv,2016,127700,diesel,automatic,secondowner,11.36,2755.0,171.5,360.0,7.0,1650000
mahindra,tuv_300_t4_plus,2017,82000,diesel,manual,firstowner,18.49,1493.0,100.0,240.0,7.0,660000
tata,tigor_1.2_revotron_xza,2017,19723,petrol,automatic,firstowner,20.3,1199.0,84.0,114.0,5.0,525000
renault,duster_110ps_diesel_rxl,2013,81000,diesel,manual,secondowner,19.01,1461.0,108.45,248.0,5.0,360000
maruti,alto_800_lxi,2016,30000,petrol,manual,firstowner,22.74,796.0,47.3,69.0,5.0,252000
hyundai,grand_i10_sportz_edition,2015,20000,petrol,manual,firstowner,18.9,1197.0,81.86,113.75,5.0,499000
tata,indigo_cs_le_(tdi)_bs-iii,2008,120000,diesel,manual,thirdowner,19.09,1396.0,69.0,135.0,5.0,100000
maruti,alto_800_vxi,2017,35000,petrol,manual,firstowner,24.7,796.0,47.3,69.0,5.0,310000
nissan,sunny_diesel_xv,2013,212000,diesel,manual,firstowner,21.64,1461.0,84.8,200.0,5.0,375000
volkswagen,polo_1.5_tdi_comfortline,2016,70000,diesel,manual,firstowner,20.14,1498.0,88.0,230.0,5.0,550000
hyundai,santro_xing_gls,2009,80000,petrol,manual,secondowner,17.92,1086.0,62.1,96.1,5.0,135000
maruti,swift_dzire_vdi,2017,20000,diesel,manual,firstowner,28.4,1248.0,74.02,190.0,5.0,755000
volkswagen,polo_1.5_tdi_highline,2014,110000,diesel,manual,secondowner,20.14,1498.0,88.8,230.0,5.0,400000
hyundai,i20_sportz_option_1.4_crdi,2015,72000,diesel,manual,firstowner,22.54,1396.0,88.73,219.7,5.0,615000
maruti,swift_vdi,2014,53190,diesel,manual,firstowner,28.4,1248.0,74.0,190.0,5.0,450000
toyota,innova_2.5_g_(diesel)_8_seater,2014,80000,diesel,manual,secondowner,12.99,2494.0,100.6,200.0,8.0,720000
maruti,wagon_r_vxi,2005,70000,petrol,manual,secondowner,18.9,998.0,67.1,90.0,5.0,98000
ford,ecosport_1.5_tdci_titanium_bsiv,2015,63000,diesel,manual,firstowner,22.77,1498.0,98.59,205.0,5.0,600000
hyundai,eon_era_plus,2014,70000,petrol,manual,firstowner,21.1,814.0,55.2,74.5,5.0,240000
ford,ecosport_1.5_tdci_titanium_plus_be_bsiv,2018,50699,diesel,manual,firstowner,22.77,1498.0,98.59,205.0,5.0,925000
maruti,zen_estilo_lxi_green_(cng),2011,80000,cng,manual,firstowner,36.82,998.0,67.1,90.0,5.0,200000
tata,indica_vista_quadrajet_vx,2012,90000,diesel,manual,firstowner,22.3,1248.0,74.0,190.0,5.0,200000
mahindra,bolero_2011-2019_plus_-_ac_bsiii,2012,110000,diesel,manual,secondowner,15.96,2523.0,63.0,180.0,9.0,340000
chevrolet,tavera_b1-10_seats_bsii,2010,100000,diesel,manual,secondowner,14.8,2499.0,80.0,19.0,10.0,280000
mercedesbenz,e-class_e_250_elegance,2011,80000,petrol,automatic,secondowner,10.93,2497.0,204.0,245.0,5.0,1190000
maruti,alto_800_lxi,2017,90000,petrol,manual,secondowner,24.7,796.0,47.3,69.0,5.0,290000
maruti,zen_estilo_vxi_bsiv,2012,90000,petrol,manual,firstowner,19.0,998.0,67.1,90.0,5.0,191000
maruti,ertiga_lxi,2013,90000,petrol,manual,firstowner,16.02,1373.0,93.7,130.0,7.0,430000
hyundai,grand_i10_asta,2016,70000,petrol,manual,firstowner,18.9,1197.0,82.0,114.0,5.0,550000
maruti,swift_vdi_bsiv,2009,70000,diesel,manual,secondowner,,,,,,270000
hyundai,grand_i10_crdi_sportz,2015,60000,diesel,manual,fourthowner,24.0,1120.0,70.0,160.0,5.0,310000
chevrolet,captiva_lt,2008,100000,diesel,manual,secondowner,11.5,1991.0,147.9,320.0,7.0,300000
hyundai,i20_1.4_crdi_asta,2011,75500,diesel,manual,secondowner,23.0,1396.0,90.0,22.4,5.0,395000
hyundai,i20_magna_1.2,2016,14000,petrol,manual,secondowner,18.6,1197.0,81.83,114.7,5.0,550000
maruti,celerio_vxi,2015,29000,petrol,manual,firstowner,23.1,998.0,67.04,90.0,5.0,350000
hyundai,grand_i10_1.2_kappa_sportz_bsiv,2018,20000,petrol,manual,secondowner,18.9,1197.0,81.86,113.75,5.0,551000
maruti,ciaz_zdi_plus,2015,110000,diesel,manual,firstowner,26.21,1248.0,88.5,200.0,5.0,600000
hyundai,eon_era_plus,2017,50000,petrol,manual,firstowner,21.1,814.0,55.2,74.5,5.0,250000
maruti,vitara_brezza_zdi_plus,2016,63000,diesel,manual,firstowner,24.3,1248.0,88.5,200.0,5.0,839000
jeep,wrangler_2016-2019_3.6_4x4,2017,17000,petrol,automatic,firstowner,9.5,3604.0,280.0,347.0,5.0,4100000
hyundai,santro_xing_gls_lpg,2010,80000,lpg,manual,secondowner,18.83,1086.0,62.1,96.1,5.0,200000
hyundai,xcent_1.2_crdi_sx,2017,49000,diesel,manual,firstowner,25.4,1186.0,73.97,190.25,5.0,550000
mahindra,verito_1.5_d2_bsiii,2011,170000,diesel,manual,secondowner,21.0,1461.0,64.1,160.0,5.0,229999
hyundai,accent_gle,2007,120000,petrol,manual,secondowner,13.2,1495.0,94.0,12.5,5.0,80000
honda,brio_v_mt,2012,97000,petrol,manual,secondowner,19.4,1198.0,86.8,109.0,5.0,250000
maruti,swift_vxi,2011,20000,petrol,manual,secondowner,18.6,1197.0,85.8,114.0,5.0,280000
nissan,terrano_xl_85_ps,2014,82000,diesel,manual,secondowner,20.45,1461.0,83.8,200.0,5.0,450000
maruti,swift_dzire_ldi,2013,180000,diesel,manual,secondowner,23.4,1248.0,74.0,190.0,5.0,385000
tata,zest_revotron_1.2_xt,2017,35000,petrol,manual,firstowner,17.57,1193.0,88.7,140.0,5.0,400000
mitsubishi,pajero_sport_4x4,2015,39000,diesel,manual,firstowner,13.5,2477.0,175.56,400.0,7.0,1700000
maruti,alto_std,2010,150000,petrol,manual,thirdowner,19.7,796.0,46.3,62.0,5.0,85000
volkswagen,vento_diesel_comfortline,2012,100000,diesel,manual,secondowner,20.54,1598.0,103.6,250.0,5.0,400000
volkswagen,vento_diesel_highline,2011,125000,diesel,manual,fourthowner,20.54,1598.0,103.6,250.0,5.0,275000
mahindra,tuv_300_mhawk100_t8,2018,30000,diesel,manual,firstowner,18.49,1493.0,100.0,240.0,7.0,700000
volkswagen,vento_petrol_highline,2012,12000,petrol,manual,secondowner,15.04,1598.0,103.6,153.0,5.0,535000
tata,indica_v2_2001-2011_elx,2011,90000,diesel,manual,secondowner,25.0,1396.0,69.0,140.0,5.0,130000
datsun,go_plus_t,2017,140000,petrol,manual,firstowner,19.02,1198.0,67.05,104.0,7.0,200000
maruti,alto_lx_bsiii,2007,110000,petrol,manual,secondowner,19.7,796.0,46.3,62.0,5.0,118000
maruti,baleno_delta_1.2,2018,20000,petrol,manual,firstowner,21.4,1197.0,83.1,115.0,5.0,560000
ford,figo_diesel_zxi,2011,70000,diesel,manual,secondowner,20.0,1399.0,68.0,160.0,5.0,170000
maruti,alto_800_lxi,2020,5000,petrol,manual,firstowner,22.05,796.0,47.3,69.0,5.0,350000
maruti,ertiga_vdi,2015,70000,diesel,manual,firstowner,20.77,1248.0,88.76,200.0,7.0,650000
mahindra,bolero_power_plus_sle,2018,40000,diesel,manual,firstowner,16.5,1493.0,70.0,195.0,7.0,630000
maruti,vitara_brezza_zdi_plus,2017,52000,diesel,manual,firstowner,24.3,1248.0,88.5,200.0,5.0,800000
honda,city_1.5_s_mt,2011,80000,petrol,manual,thirdowner,17.0,1497.0,118.0,146.0,5.0,450000
maruti,estilo_lxi,2010,50000,petrol,manual,firstowner,,,,,,160000
honda,city_i_dtec_sv,2016,110000,diesel,manual,firstowner,26.0,1498.0,98.6,200.0,5.0,700000
toyota,innova_crysta_2.4_gx_mt_bsiv,2017,23000,diesel,manual,firstowner,13.68,2393.0,147.8,343.0,7.0,1750000
maruti,swift_dzire_zdi,2012,193000,diesel,manual,firstowner,19.3,1248.0,73.9,190.0,5.0,320000
hyundai,i20_asta_1.4_crdi,2014,83000,diesel,manual,secondowner,22.54,1396.0,88.73,219.7,5.0,475000
ford,figo_titanium_blu,2019,3177,petrol,manual,firstowner,18.5,1194.0,94.93,119.0,5.0,700000
honda,city_i_vtec_v,2015,80000,petrol,manual,firstowner,17.4,1497.0,117.3,145.0,5.0,650000
honda,amaze_s_i-dtech,2013,70000,diesel,manual,firstowner,25.8,1498.0,98.6,200.0,5.0,425000
jeep,compass_2.0_longitude_option_bsiv,2018,14000,diesel,manual,firstowner,17.1,1956.0,170.0,350.0,5.0,1600000
chevrolet,beat_diesel_lt,2015,55000,diesel,manual,firstowner,25.44,936.0,56.3,142.5,5.0,240000
tata,aria_pleasure_4x2,2013,80000,diesel,manual,secondowner,13.7,2179.0,138.1,320.0,7.0,500000
maruti,vitara_brezza_zdi_plus_dual_tone,2016,100000,diesel,manual,secondowner,24.3,1248.0,88.5,200.0,5.0,765000
mahindra,xuv500_w6_2wd,2014,122000,diesel,manual,secondowner,15.1,2179.0,140.0,330.0,7.0,600000
nissan,sunny_xe,2011,25000,petrol,manual,secondowner,16.95,1498.0,97.7,134.0,5.0,350000
ford,figo_1.2p_titanium_mt,2017,25000,petrol,manual,thirdowner,18.16,1196.0,86.8,112.0,5.0,600000
maruti,zen_std,1999,100000,petrol,manual,thirdowner,17.3,993.0,60.0,78.0,5.0,45000
maruti,swift_dzire_vdi_bsiv,2011,80600,diesel,manual,firstowner,19.3,1248.0,73.9,190.0,5.0,347000
maruti,vitara_brezza_vdi_option,2017,50000,diesel,manual,firstowner,24.3,1248.0,88.5,200.0,5.0,760000
honda,city_1.3_exi,2004,120000,petrol,manual,secondowner,13.0,1343.0,90.0,11.3,5.0,135000
maruti,swift_dzire_vdi,2017,70000,diesel,manual,firstowner,26.59,1248.0,74.0,190.0,5.0,650000
maruti,zen_estilo_lxi_bsiii,2007,160000,petrol,manual,fourthowner,18.2,998.0,67.1,90.0,5.0,85000
maruti,swift_dzire_zxi,2015,7967,petrol,manual,firstowner,20.85,1197.0,83.14,115.0,5.0,600000
renault,duster_110ps_diesel_rxz,2015,60000,diesel,manual,firstowner,19.01,1461.0,108.45,248.0,5.0,600000
mahindra,kuv_100_mfalcon_g80_k8_5str,2016,40000,petrol,manual,firstowner,18.15,1198.0,82.0,115.0,5.0,400000
chevrolet,sail_1.2_lt_abs,2014,23000,petrol,manual,firstowner,18.2,1199.0,82.4,108.5,5.0,330000
audi,a6_35_tfsi_matrix,2019,7800,petrol,automatic,testdrivecar,15.26,1798.0,187.74,320.0,5.0,6223000
chevrolet,beat_lt,2010,60000,petrol,manual,firstowner,18.6,1199.0,79.4,108.0,5.0,140000
mahindra,scorpio_2009-2014_sle_7s_bsiv,2013,173000,diesel,manual,firstowner,12.05,2179.0,120.0,290.0,7.0,479000
hyundai,eon_era,2011,80000,petrol,manual,secondowner,21.1,814.0,55.2,74.5,5.0,129000
hyundai,i10_sportz,2013,30000,petrol,manual,secondowner,20.36,1197.0,78.9,111.8,5.0,300000
toyota,innova_crysta_2.8_gx_at_bsiv,2018,10000,diesel,automatic,firstowner,11.36,2755.0,171.5,360.0,7.0,1745000
mahindra,bolero_2011-2019_sle,2012,120000,diesel,manual,firstowner,15.96,2523.0,62.1,195.0,7.0,450000
toyota,etios_liva_gd,2014,120000,diesel,manual,firstowner,23.59,1364.0,67.04,170.0,5.0,430999
mahindra,bolero_2011-2019_zlx,2013,100000,diesel,manual,secondowner,15.96,2523.0,62.1,195.0,7.0,430000
honda,city_1.5_s_mt,2011,105000,petrol,manual,firstowner,17.0,1497.0,118.0,146.0,5.0,421000
tata,tigor_1.05_revotorq_xz,2017,15000,diesel,manual,firstowner,24.7,1047.0,69.0,140.0,5.0,597000
maruti,alto_lx,2007,57000,petrol,manual,firstowner,19.7,796.0,46.3,62.0,5.0,135000
maruti,wagon_r_vxi,2003,70000,petrol,manual,fourthowner,18.9,998.0,67.1,90.0,5.0,65000
mahindra,scorpio_s10_7_seater,2015,80000,diesel,manual,secondowner,15.4,2179.0,120.0,280.0,7.0,1050000
tata,indica_vista_aura_safire_anniversary_edition,2009,28900,petrol,manual,secondowner,0.0,1172.0,65.0,9.8,5.0,135000
maruti,vitara_brezza_zdi_plus_dual_tone,2016,40000,diesel,manual,secondowner,24.3,1248.0,88.5,200.0,5.0,720000
volkswagen,polo_diesel_trendline_1.2l,2011,222300,diesel,manual,firstowner,22.07,1199.0,73.9,180.0,5.0,220000
volkswagen,vento_diesel_highline,2011,120000,diesel,manual,thirdowner,20.54,1598.0,103.6,250.0,5.0,300000
maruti,800_std_mpfi,2003,90000,petrol,manual,fourthowner,16.1,796.0,37.0,59.0,4.0,65000
maruti,alto_800_lxi,2016,60000,petrol,manual,secondowner,22.74,796.0,47.3,69.0,5.0,270000
ford,figo_diesel_lxi,2011,120000,diesel,manual,firstowner,20.0,1399.0,68.0,160.0,5.0,215000
hyundai,i10_era,2009,50000,petrol,manual,secondowner,19.81,1086.0,68.05,99.04,5.0,229999
volkswagen,polo_petrol_highline_1.2l,2012,80000,petrol,manual,firstowner,16.47,1198.0,73.9,110.0,5.0,415000
honda,city_v_mt,2013,86300,petrol,manual,firstowner,16.8,1497.0,116.3,146.0,5.0,425000
chevrolet,beat_ls,2012,60000,petrol,manual,thirdowner,18.6,1199.0,79.4,108.0,5.0,120000
ford,figo_diesel_exi,2011,112000,diesel,manual,secondowner,20.0,1399.0,68.0,160.0,5.0,160000
ford,figo_diesel_titanium,2012,110000,diesel,manual,firstowner,20.0,1399.0,68.0,160.0,5.0,220000
audi,a4_35_tdi_premium_plus,2015,37000,diesel,automatic,firstowner,18.25,1968.0,187.74,400.0,5.0,1750000
hyundai,santro_xing_gls_lpg,2010,70000,lpg,manual,thirdowner,18.83,1086.0,62.1,96.1,5.0,150000
honda,city_i_dtec_e,2016,80000,diesel,manual,firstowner,26.0,1498.0,98.6,200.0,5.0,765000
mahindra,bolero_2011-2019_di_non_ac_bs_iii_white,2016,80000,diesel,manual,secondowner,15.96,2523.0,63.0,180.0,9.0,550000
honda,brio_s_mt,2013,80000,petrol,manual,secondowner,19.4,1198.0,86.8,109.0,5.0,300000
bmw,5_series_520d_luxury_line,2019,10000,diesel,automatic,firstowner,18.12,1995.0,190.0,400.0,5.0,5200000
mahindra,thar_di_4x4_ps,2015,16000,diesel,manual,firstowner,18.06,2523.0,63.0,182.5,7.0,750000
hyundai,verna_1.6_sx,2012,120000,diesel,manual,thirdowner,22.32,1582.0,126.32,259.8,5.0,350000
maruti,celerio_zxi,2015,30000,petrol,manual,firstowner,23.1,998.0,67.04,90.0,5.0,400000
ford,ecosport_1.5_diesel_titanium_bsiv,2018,30000,diesel,manual,secondowner,23.0,1498.0,98.96,205.0,5.0,810000
maruti,800_ac,2008,10000,petrol,manual,secondowner,16.1,796.0,37.0,59.0,4.0,65000
toyota,innova_2.5_gx_8_str,2012,90000,diesel,manual,firstowner,12.8,2494.0,102.0,20.4,8.0,610000
mahindra,tuv_300_t8,2017,126000,diesel,manual,firstowner,18.49,1493.0,100.0,240.0,7.0,655000
maruti,alto_lxi,2010,64000,petrol,manual,firstowner,19.7,796.0,46.3,62.0,5.0,215000
mahindra,xylo_e8_abs_airbag,2011,230000,diesel,manual,firstowner,14.0,2498.0,112.0,260.0,7.0,600000
tata,tiago_1.2_revotron_xm,2017,60000,petrol,manual,firstowner,23.84,1199.0,84.0,114.0,5.0,350000
renault,duster_85ps_diesel_rxl,2014,80000,diesel,manual,firstowner,20.45,1461.0,83.8,200.0,5.0,480000
maruti,zen_estilo_lx_bsiv,2011,40000,petrol,manual,thirdowner,19.0,998.0,67.1,90.0,5.0,300000
hyundai,eon_magna_plus,2014,10000,petrol,manual,firstowner,21.1,814.0,55.2,74.5,5.0,250000
volkswagen,polo_petrol_highline_1.2l,2011,60000,petrol,manual,secondowner,16.47,1198.0,73.9,110.0,5.0,270000
maruti,sx4_s_cross_2015-2017_ddis_200_zeta,2016,33500,diesel,manual,firstowner,23.65,1248.0,88.5,200.0,5.0,825000
mahindra,xuv500_at_w10_fwd,2015,100000,diesel,automatic,secondowner,16.0,2179.0,140.0,330.0,7.0,900000
skoda,octavia_l_and_k_1.9_tdi_(mt),2007,200000,diesel,manual,secondowner,16.6,1896.0,122.4,21.4,5.0,275000
tata,indigo_cr4,2011,84321,diesel,manual,firstowner,23.57,1396.0,70.0,140.0,5.0,200000
renault,kwid_1.0_rxt_bsiv,2019,25000,petrol,manual,firstowner,23.01,999.0,67.0,91.0,5.0,390000
hyundai,accent_gle,2005,120000,petrol,manual,firstowner,13.2,1495.0,94.0,12.5,5.0,150000
nissan,sunny_xl,2014,37000,petrol,manual,firstowner,16.95,1498.0,97.7,134.0,5.0,550000
fiat,grande_punto_evo_1.3_active,2014,39395,diesel,manual,firstowner,21.2,1248.0,75.0,197.0,5.0,320000
toyota,innova_2.5_g_(diesel)_7_seater,2013,80000,diesel,manual,secondowner,12.99,2494.0,100.6,200.0,7.0,750000
maruti,zen_lxi,2006,106000,petrol,manual,secondowner,17.3,993.0,60.0,78.0,5.0,150000
nissan,micra_xv,2011,90000,petrol,manual,secondowner,18.06,1198.0,75.0,104.0,5.0,235000
maruti,celerio_vxi,2015,70000,petrol,manual,thirdowner,23.1,998.0,67.04,90.0,5.0,330000
maruti,wagon_r_amt_vxi_option,2018,30000,petrol,automatic,firstowner,20.51,998.0,67.0,90.0,5.0,472000
maruti,alto_k10_vxi,2015,50000,petrol,manual,secondowner,23.95,998.0,67.05,90.0,5.0,240000
tata,safari_storme_lx,2014,77500,diesel,manual,secondowner,14.0,2179.0,138.1,320.0,7.0,540000
chevrolet,enjoy_tcdi_ltz_7_seater,2013,60000,diesel,manual,firstowner,18.2,1248.0,73.8,172.5,7.0,450000
ford,fiesta_diesel_style,2012,120000,diesel,manual,firstowner,23.5,1498.0,88.7,204.0,5.0,390000
maruti,800_dx,1996,32000,petrol,manual,secondowner,16.1,796.0,37.0,59.0,4.0,40000
mahindra,bolero_2011-2019_plus_-_ac_bsiii,2011,175000,diesel,manual,thirdowner,15.96,2523.0,63.0,180.0,9.0,320000
tata,zest_revotron_1.2t_xms,2015,20000,petrol,manual,firstowner,17.57,1193.0,88.7,140.0,5.0,500000
ford,ecosport_1.5_diesel_titanium_bsiv,2018,25000,diesel,manual,firstowner,23.0,1498.0,98.96,205.0,5.0,900000
tata,tiago_1.2_revotron_xt,2017,40000,petrol,manual,firstowner,23.84,1199.0,84.0,114.0,5.0,400000
maruti,alto_lxi,2005,40000,petrol,manual,secondowner,19.7,796.0,46.3,62.0,5.0,90000
mahindra,xylo_d4_bsiii,2013,300000,diesel,manual,firstowner,14.0,2498.0,112.0,260.0,8.0,200000
honda,civic_1.8_v_mt,2009,70000,petrol,manual,firstowner,13.5,1799.0,130.0,172.0,5.0,240000
maruti,wagon_r_duo_lxi,2012,100000,lpg,manual,secondowner,36.68,998.0,58.2,77.0,5.0,300000
ford,fiesta_1.5_tdci_ambiente,2014,60000,diesel,manual,firstowner,25.01,1498.0,89.75,204.0,5.0,425000
nissan,micra_diesel_xv_premium,2012,120000,diesel,manual,firstowner,23.08,1461.0,63.1,160.0,5.0,204999
maruti,swift_dzire_amt_zdi,2016,50000,diesel,automatic,secondowner,26.59,1248.0,74.0,190.0,5.0,650000
maruti,swift_vdi,2013,96000,diesel,manual,secondowner,22.9,1248.0,74.0,190.0,5.0,370000
nissan,terrano_xv_110_ps,2014,120000,diesel,manual,secondowner,19.01,1461.0,108.5,248.0,5.0,525000
volkswagen,vento_1.6_highline,2014,100000,petrol,manual,firstowner,15.04,1598.0,103.2,153.0,5.0,430000
maruti,s-cross_2017-2020_delta_ddis_200_sh,2019,60000,diesel,manual,firstowner,25.1,1248.0,88.5,200.0,5.0,900000
hyundai,eon_era,2012,25000,petrol,manual,firstowner,21.1,814.0,55.2,74.5,5.0,250000
maruti,800_std,2010,70000,petrol,manual,secondowner,16.1,796.0,37.0,59.0,4.0,120000
mercedesbenz,new_c-class_c_220_cdi_elegance_at,2008,80000,diesel,automatic,secondowner,14.84,2143.0,170.0,400.0,5.0,725000
hyundai,eon_era_plus,2016,19000,petrol,manual,firstowner,21.1,814.0,55.2,74.5,5.0,280000
maruti,eeco_7_seater_standard_bsiv,2018,44000,petrol,manual,firstowner,15.37,1196.0,73.0,101.0,7.0,358000
hyundai,i20_1.2_asta,2017,37333,petrol,manual,firstowner,18.6,1197.0,81.83,114.7,5.0,730000
chevrolet,tavera_neo_3_ls_10_str,2016,60000,diesel,manual,secondowner,12.2,1994.0,105.3,263.7,10.0,409999
mahindra,xuv500_w10_2wd,2017,88754,diesel,manual,firstowner,16.0,2179.0,140.0,330.0,7.0,1100000
nissan,micra_xv_cvt,2015,50000,petrol,automatic,firstowner,19.34,1198.0,76.0,104.0,5.0,325000
maruti,alto_k10_2010-2014_vxi,2011,60000,petrol,manual,firstowner,20.92,998.0,67.1,90.0,5.0,235000
hyundai,i20_1.4_crdi_asta,2011,90000,diesel,manual,thirdowner,23.0,1396.0,90.0,22.4,5.0,350000
maruti,800_std,1999,40000,petrol,manual,secondowner,16.1,796.0,37.0,59.0,4.0,40000
mahindra,xuv500_w8_4wd,2014,136000,diesel,manual,firstowner,15.1,2179.0,140.0,330.0,7.0,800000
hyundai,santa_fe_4x4_at,2011,62000,diesel,automatic,secondowner,11.72,2199.0,194.3,436.4,7.0,1200000
maruti,alto_k10_lxi,2017,30000,petrol,manual,firstowner,23.95,998.0,67.05,90.0,5.0,300000
ford,fiesta_1.4_duratorq_zxi,2007,110000,diesel,manual,firstowner,17.8,1399.0,68.0,16.3,5.0,210000
maruti,ritz_vdi,2014,89100,diesel,manual,secondowner,23.2,1248.0,73.94,190.0,5.0,351000
hyundai,i20_magna,2013,120000,petrol,manual,secondowner,18.5,1197.0,82.85,113.7,5.0,345000
maruti,wagon_r_duo_lxi,2010,66444,lpg,manual,firstowner,36.68,998.0,58.2,77.0,5.0,160000
maruti,alto_lxi,2011,50000,petrol,manual,firstowner,19.7,796.0,46.3,62.0,5.0,175000
nissan,sunny_diesel_xv,2014,91000,diesel,manual,fourthowner,22.71,1461.0,84.8,200.0,5.0,320000
tata,indigo_ecs_lx_bsiv,2013,80000,diesel,manual,firstowner,23.03,1396.0,69.0,140.0,5.0,220000
mahindra,xuv500_w4,2015,125000,diesel,manual,firstowner,15.1,2179.0,140.0,330.0,7.0,650000
hyundai,verna_crdi_sx_abs,2007,110000,diesel,manual,secondowner,18.1,1493.0,110.0,24.0,5.0,250000
mahindra,bolero_di_bsiii,2011,120000,diesel,manual,fourthowner,13.6,2523.0,63.0,180.0,7.0,390000
nissan,sunny_diesel_xv,2012,112072,diesel,manual,firstowner,21.64,1461.0,84.8,200.0,5.0,290000
hyundai,grand_i10_crdi_magna,2014,60000,diesel,manual,firstowner,24.0,1120.0,70.0,160.0,5.0,425000
chevrolet,spark_1.0_lt_option_pack_w/_airbag,2009,30000,petrol,manual,firstowner,16.5,995.0,63.0,90.3,5.0,200000
honda,wr-v_i-dtec_vx,2018,30000,diesel,manual,firstowner,25.5,1498.0,98.6,200.0,5.0,900000
toyota,etios_gd,2015,80000,diesel,manual,secondowner,23.59,1364.0,67.05,170.0,5.0,525000
skoda,octavia_ambiente_1.9_tdi_mt,2007,175000,diesel,manual,secondowner,18.7,1896.0,66.0,210.0,5.0,195000
maruti,ritz_vdi,2011,90000,diesel,manual,thirdowner,21.1,1248.0,73.9,113.0,5.0,250000
mahindra,bolero_2011-2019_zlx_bsiii,2013,70000,diesel,manual,firstowner,15.96,2523.0,62.1,195.0,7.0,451000
maruti,swift_vvt_zxi,2017,25000,petrol,manual,firstowner,22.0,1197.0,81.8,113.0,5.0,625000
hyundai,verna_transform_vgt_crdi,2010,120000,diesel,manual,secondowner,16.2,1493.0,110.0,24.0,5.0,195000
mahindra,bolero_2011-2019_di_-_ac_bs_iii,2016,60000,diesel,manual,firstowner,15.96,2523.0,63.0,180.0,9.0,600000
maruti,celerio_vxi,2016,25000,petrol,manual,secondowner,23.1,998.0,67.04,90.0,5.0,411000
volkswagen,polo_petrol_comfortline_1.2l,2011,110000,petrol,manual,firstowner,16.47,1198.0,73.9,110.0,5.0,450000
hyundai,verna_1.6_sx,2013,76460,diesel,manual,firstowner,22.32,1582.0,126.32,259.8,5.0,700000
ford,classic_1.6_duratec_lxi,2013,90000,petrol,manual,firstowner,14.09,1596.0,99.6,146.0,5.0,350000
maruti,wagon_r_lxi,2008,35008,petrol,manual,firstowner,21.79,998.0,67.05,90.0,5.0,221000
hyundai,i20_active_1.4_sx_dual_tone,2015,74000,diesel,manual,secondowner,21.19,1396.0,88.73,219.66,5.0,580000
audi,q3_2.0_tdi_quattro_premium_plus,2016,30000,diesel,automatic,firstowner,15.73,1968.0,174.33,380.0,5.0,2375000
maruti,a-star_vxi,2009,90000,petrol,manual,secondowner,19.0,998.0,66.1,90.0,5.0,130000
maruti,swift_vdi_bsiv,2010,120000,diesel,manual,secondowner,,,,,,315000
maruti,vitara_brezza_zdi_plus_dual_tone,2017,32000,diesel,manual,firstowner,24.3,1248.0,88.5,200.0,5.0,775000
maruti,swift_vdi_optional,2017,30000,diesel,manual,firstowner,25.2,1248.0,74.0,190.0,5.0,660000
tata,indica_v2_dl_bsiii,2007,50000,diesel,manual,firstowner,17.88,1396.0,52.8,85.0,5.0,90000
chevrolet,sail_1.2_ls_abs,2016,15000,petrol,manual,firstowner,18.2,1199.0,82.4,108.5,5.0,550000
hyundai,grand_i10_1.2_kappa_sportz_option,2017,60000,petrol,manual,firstowner,18.9,1197.0,81.86,113.75,5.0,480000
toyota,innova_crysta_2.8_zx_at_bsiv,2017,18890,diesel,automatic,firstowner,11.36,2755.0,171.5,360.0,7.0,1850000
mahindra,xuv500_w8_2wd,2013,70000,diesel,manual,thirdowner,15.1,2179.0,140.0,330.0,7.0,550000
maruti,swift_dzire_vdi,2011,137500,diesel,manual,thirdowner,19.3,1248.0,73.9,190.0,5.0,350000
honda,amaze_vx_diesel_bsiv,2018,93000,diesel,manual,firstowner,27.4,1498.0,98.63,200.0,5.0,670000
chevrolet,spark_1.0_ls,2010,60000,petrol,manual,secondowner,18.0,995.0,62.0,90.3,5.0,140000
toyota,innova_crysta_2.4_vx_mt_8s_bsiv,2017,36000,diesel,manual,firstowner,13.68,2393.0,147.8,343.0,8.0,1789999
maruti,ritz_vdi_abs,2009,70000,diesel,manual,firstowner,21.1,1248.0,73.9,113.0,5.0,200000
hyundai,verna_1.6_vtvt_at_sx,2016,80000,petrol,automatic,secondowner,17.01,1591.0,121.3,154.9,5.0,800000
hyundai,grand_i10_1.2_kappa_sportz_bsiv,2018,20000,petrol,manual,secondowner,18.9,1197.0,81.86,113.75,5.0,500000
honda,city_1.5_e_mt,2009,35000,petrol,manual,firstowner,17.0,1497.0,118.0,146.0,5.0,350000
maruti,esteem_di,2003,20000,diesel,manual,firstowner,15.9,1527.0,57.0,96.0,5.0,70000
ford,figo_diesel_exi,2015,70000,diesel,manual,firstowner,20.0,1399.0,68.05,160.0,5.0,292000
toyota,innova_2.5_z_diesel_7_seater_bs_iv,2015,114368,diesel,manual,secondowner,12.99,2494.0,100.6,200.0,7.0,1325000
ford,fiesta_1.4_sxi_tdci_abs,2010,170000,diesel,manual,secondowner,17.8,1399.0,68.0,16.3,5.0,229999
maruti,vitara_brezza_zdi,2018,58511,diesel,manual,firstowner,24.3,1248.0,88.5,200.0,5.0,950000
honda,city_i_vtec_vx_option,2015,39000,petrol,manual,firstowner,17.4,1497.0,117.3,145.0,5.0,649000
maruti,zen_estilo_lxi_bs_iv,2010,180000,petrol,manual,secondowner,19.0,998.0,67.1,90.0,5.0,100000
maruti,alto_lxi,2009,35000,petrol,manual,firstowner,19.7,796.0,46.3,62.0,5.0,140000
tata,tigor_1.2_revotron_xz,2017,40000,petrol,manual,firstowner,20.3,1199.0,84.0,114.0,5.0,493000
tata,new_safari_dicor_2.2_ex_4x2,2015,120000,diesel,manual,firstowner,11.57,2179.0,138.1,320.0,7.0,520000
maruti,swift_vdi,2012,97000,diesel,manual,thirdowner,22.9,1248.0,74.0,190.0,5.0,450000
honda,amaze_vx_i-dtec,2013,50000,diesel,manual,firstowner,25.8,1498.0,98.6,200.0,5.0,484999
mahindra,quanto_c6,2012,70000,diesel,manual,firstowner,17.21,1493.0,100.0,240.0,7.0,250000
maruti,alto_800_lxi,2012,80000,petrol,manual,firstowner,22.74,796.0,47.3,69.0,5.0,180000
mahindra,tuv_300_t6_plus,2017,60000,diesel,manual,firstowner,18.49,1493.0,100.0,240.0,7.0,645000
toyota,corolla_altis_d-4d_j,2015,60000,diesel,manual,firstowner,21.43,1364.0,87.2,205.0,5.0,1050000
maruti,swift_vxi,2020,5000,petrol,manual,firstowner,21.21,1197.0,81.8,113.0,5.0,570000
toyota,etios_gd_sp,2012,135000,diesel,manual,thirdowner,,,,,,434999
volkswagen,passat_2.0_tdi_at_highline,2012,108000,diesel,automatic,firstowner,17.42,1968.0,175.0,350.0,5.0,900000
honda,mobilio_v_i_vtec,2015,35000,petrol,manual,firstowner,17.3,1497.0,117.3,145.0,7.0,500000
honda,wr-v_i-vtec_s,2017,15000,petrol,manual,firstowner,17.5,1199.0,88.7,110.0,5.0,700000
honda,city_i_vtec_cvt_vx,2015,30000,petrol,automatic,firstowner,18.0,1497.0,117.3,145.0,5.0,950000
mahindra,scorpio_s2_7_seater,2014,120000,diesel,manual,firstowner,15.4,2523.0,75.0,200.0,7.0,680000
renault,kwid_rxl,2017,40000,petrol,manual,firstowner,25.17,799.0,53.3,72.0,5.0,250000
ford,endeavour_3.0l_4x2_at,2012,110000,diesel,automatic,firstowner,11.4,2953.0,153.86,380.0,7.0,500000
maruti,swift_vxi,2019,4000,petrol,manual,firstowner,21.21,1197.0,81.8,113.0,5.0,630000
jeep,compass_2.0_limited,2017,50000,diesel,manual,firstowner,17.1,1956.0,170.0,350.0,5.0,1650000
mahindra,scorpio_2.6_slx_turbo_7_seater,2004,100000,diesel,manual,fourthowner,10.5,2179.0,120.0,290.0,7.0,120000
volkswagen,vento_diesel_highline,2012,90000,diesel,manual,firstowner,20.54,1598.0,103.6,250.0,5.0,361000
mercedesbenz,s-class_s_350_cdi,2017,47000,diesel,automatic,firstowner,13.5,2987.0,282.0,490.0,5.0,5850000
hyundai,i20_active_sx_diesel,2016,42323,diesel,manual,firstowner,21.19,1396.0,88.76,219.66,5.0,651000
tata,nexon_1.2_revotron_xz_plus,2018,40000,petrol,manual,secondowner,17.0,1198.0,108.5,170.0,5.0,850000
maruti,alto_800_cng_lxi,2013,70000,cng,manual,secondowner,42.644,796.0,47.3,69.0,5.0,178000
hyundai,eon_magna_plus,2013,80000,petrol,manual,firstowner,21.1,814.0,55.2,74.5,5.0,200000
tata,safari_dicor_2.2_ex_4x2,2011,110000,diesel,manual,thirdowner,13.93,2179.0,138.03,320.0,7.0,225000
tata,safari_dicor_2.2_ex_4x2,2012,118000,diesel,manual,secondowner,13.93,2179.0,138.03,320.0,7.0,250000
maruti,wagon_r_lxi_optional,2016,20000,petrol,manual,firstowner,20.51,998.0,67.04,90.0,5.0,350000
renault,kwid_rxt_optional,2016,15000,petrol,manual,firstowner,25.17,799.0,53.3,72.0,5.0,390000
skoda,rapid_1.5_tdi_ambition,2014,65000,diesel,manual,secondowner,21.14,1498.0,103.52,250.0,5.0,640000
ford,fiesta_1.5_tdci_titanium,2014,140000,diesel,manual,secondowner,25.01,1498.0,89.75,204.0,5.0,650000
maruti,alto_green_lxi_(cng),2012,82300,cng,manual,secondowner,37.562,796.0,38.4,62.0,5.0,150000
renault,kwid_rxt_optional,2016,22000,petrol,manual,firstowner,25.17,799.0,53.3,72.0,5.0,250000
hyundai,verna_1.6_crdi_s,2016,80000,diesel,manual,firstowner,23.9,1582.0,126.2,259.9,5.0,800000
maruti,vitara_brezza_zdi_plus_dual_tone,2016,110000,diesel,manual,secondowner,24.3,1248.0,88.5,200.0,5.0,700000
hyundai,verna_vtvt_1.6_sx,2018,13887,petrol,manual,firstowner,17.0,1591.0,121.3,151.0,5.0,950000
hyundai,i20_2015-2017_sportz_1.4_crdi,2017,80000,diesel,manual,firstowner,22.54,1396.0,88.73,219.7,5.0,680000
maruti,wagon_r_lxi_bs_iv,2017,68850,petrol,manual,firstowner,18.9,998.0,67.1,90.0,5.0,352000
maruti,ertiga_zdi,2015,80000,diesel,manual,firstowner,20.77,1248.0,88.8,200.0,7.0,650000
hyundai,grand_i10_sportz,2016,70000,petrol,manual,fourthowner,18.9,1197.0,82.0,114.0,5.0,330000
mahindra,xuv500_w8_4wd,2012,100000,diesel,manual,firstowner,15.1,2179.0,140.0,330.0,7.0,900000
maruti,swift_vdi,2013,100000,diesel,manual,thirdowner,22.9,1248.0,74.0,190.0,5.0,409999
maruti,swift_zdi_bsiv,2017,35000,diesel,manual,secondowner,25.2,1248.0,74.0,190.0,5.0,640000
mahindra,xuv500_w6_2wd,2011,108000,diesel,manual,firstowner,16.0,2179.0,140.0,330.0,7.0,475000
maruti,swift_dzire_zdi,2008,90000,diesel,manual,fourthowner,19.3,1248.0,73.9,190.0,5.0,250000
toyota,etios_liva_gd,2013,45000,diesel,manual,firstowner,23.59,1364.0,67.06,170.0,5.0,409999
hyundai,i20_magna_1.2,2015,35000,petrol,manual,firstowner,18.6,1197.0,81.83,114.7,5.0,600000
hyundai,i20_2015-2017_asta_1.4_crdi,2017,22200,diesel,manual,firstowner,22.54,1396.0,88.73,219.7,5.0,650000
honda,city_corporate_edition,2013,80000,petrol,manual,secondowner,16.8,1497.0,116.3,146.0,5.0,465000
hyundai,i10_magna,2010,90000,petrol,manual,thirdowner,20.36,1197.0,78.9,111.7,5.0,170000
tata,indica_v2_2001-2011_dls_bsiii,2009,120000,diesel,manual,secondowner,17.88,1396.0,52.8,85.0,5.0,90000
maruti,alto_800_lxi,2017,28000,petrol,manual,firstowner,24.7,796.0,47.3,69.0,5.0,275000
renault,kwid_rxt,2016,45000,petrol,manual,secondowner,25.17,799.0,53.3,72.0,5.0,240000
toyota,innova_2.5_g_(diesel)_7_seater_bs_iv,2012,210000,diesel,manual,firstowner,12.99,2494.0,100.0,200.0,7.0,730000
hyundai,grand_i10_sportz,2015,10000,petrol,manual,firstowner,18.9,1197.0,82.0,114.0,5.0,486000
maruti,swift_lxi,2011,55403,petrol,manual,firstowner,18.6,1197.0,85.8,114.0,5.0,277000
maruti,swift_dzire_ldi,2013,100000,diesel,manual,firstowner,23.4,1248.0,74.0,190.0,5.0,525000
ford,ecosport_1.5_tdci_titanium_bsiv,2015,110000,diesel,manual,secondowner,22.77,1498.0,98.59,205.0,5.0,650000
hyundai,i20_1.4_magna_at,2018,20000,petrol,automatic,firstowner,18.6,1368.0,98.63,132.3,5.0,671000
volkswagen,vento_diesel_highline,2011,90000,diesel,manual,firstowner,20.54,1598.0,103.6,250.0,5.0,340000
hyundai,eon_era_plus,2016,25000,petrol,manual,firstowner,21.1,814.0,55.2,74.5,5.0,310000
maruti,baleno_delta,2020,5000,petrol,manual,firstowner,21.01,1197.0,81.8,113.0,5.0,630000
hyundai,i10_era_1.1,2012,28000,petrol,manual,firstowner,19.81,1086.0,68.05,99.04,5.0,290000
hyundai,creta_1.6_sx_option,2019,31000,petrol,manual,firstowner,15.8,1591.0,121.3,151.0,5.0,1150000
maruti,zen_estilo_1.1_lx_bsiii,2007,80000,petrol,manual,secondowner,18.2,1061.0,64.0,84.0,5.0,70000
hyundai,elantra_gls,2006,120000,petrol,automatic,firstowner,13.1,1795.0,127.0,16.6,5.0,140000
toyota,fortuner_2.8_2wd_mt,2013,148120,diesel,manual,firstowner,14.24,2755.0,174.5,420.0,7.0,1500000
tata,indigo_ls,2011,85700,diesel,manual,secondowner,17.0,1405.0,70.0,13.5,5.0,175000
ford,figo_aspire_1.5_tdci_titanium,2017,49957,diesel,manual,firstowner,25.83,1498.0,99.0,215.0,5.0,700000
ford,classic_1.4_duratorq_clxi,2013,70000,diesel,manual,secondowner,19.68,1399.0,67.0,160.0,5.0,200000
mahindra,scorpio_1.99_s10,2015,120000,diesel,manual,thirdowner,15.4,1997.0,120.0,280.0,7.0,950000
maruti,alto_800_lx,2014,60000,petrol,manual,secondowner,22.74,796.0,47.3,69.0,5.0,196000
maruti,wagon_r_vxi_optional,2018,17500,petrol,manual,firstowner,20.51,998.0,67.04,90.0,5.0,400000
mahindra,scorpio_s3_9_seater_bsiv,2018,60000,diesel,manual,firstowner,15.4,2523.0,75.0,200.0,7.0,900000
tata,indigo_cs_ls_(tdi)_bs-iii,2016,20000,diesel,manual,firstowner,19.09,1405.0,69.01,135.0,5.0,440000
maruti,swift_vdi,2018,23000,diesel,manual,firstowner,28.4,1248.0,74.0,190.0,5.0,675000
honda,amaze_v_cvt_petrol_bsiv,2019,7032,petrol,automatic,firstowner,19.0,1199.0,88.76,110.0,5.0,779000
mahindra,scorpio_vlx_2wd_airbag_bsiv,2012,101903,diesel,manual,secondowner,12.05,2179.0,120.0,290.0,8.0,560000
honda,civic_zx_diesel_bsiv,2020,5500,diesel,manual,firstowner,26.8,1597.0,118.0,300.0,5.0,2125000
mahindra,xuv500_at_w6_2wd,2016,75000,diesel,automatic,thirdowner,16.0,2179.0,140.0,330.0,7.0,950000
maruti,wagon_r_vxi_optional,2018,19000,petrol,manual,firstowner,20.51,998.0,67.04,90.0,5.0,380000
hyundai,i20_1.2_magna_executive,2017,19000,petrol,manual,firstowner,18.6,1197.0,81.83,114.7,5.0,575000
hyundai,xcent_1.1_crdi_s,2015,60000,diesel,manual,secondowner,24.4,1120.0,71.0,180.4,5.0,400000
jaguar,xf_2.2_litre_luxury,2015,70000,diesel,automatic,secondowner,16.36,2179.0,187.7,450.0,5.0,3000000
toyota,etios_gd,2012,120000,diesel,manual,secondowner,,,,,,300000
hyundai,verna_1.6_vgt_crdi,2011,80000,diesel,manual,firstowner,22.32,1582.0,126.32,259.8,5.0,300000
audi,q7_3.0_tdi_quattro,2010,110000,diesel,automatic,secondowner,12.07,2967.0,241.4,550.0,7.0,1750000
tata,new_safari_3l_dicor_lx_4x2,2007,160000,diesel,manual,secondowner,13.93,2956.0,138.1,320.0,7.0,280000
skoda,rapid_1.6_mpi_ambition_bsiv,2019,25000,petrol,manual,firstowner,15.41,1598.0,103.2,153.0,5.0,725000
hyundai,verna_1.6_crdi,2013,92500,diesel,manual,firstowner,22.32,1582.0,126.3,259.9,5.0,530000
fiat,punto_pure_1.2l_fire,2016,33003,petrol,manual,firstowner,15.7,1172.0,67.0,96.0,5.0,265000
maruti,alto_800_vxi,2020,5000,petrol,manual,firstowner,22.05,796.0,47.3,69.0,5.0,360000
mahindra,bolero_2011-2019_di_-_ac_bs_iii,2016,120000,diesel,manual,firstowner,15.96,2523.0,63.0,180.0,9.0,600000
nissan,kicks_xv_bsiv,2019,11533,petrol,manual,firstowner,14.23,1498.0,104.55,142.0,5.0,950000
chevrolet,spark_1.0_lt,2011,20000,petrol,manual,secondowner,18.0,995.0,62.0,90.3,5.0,190000
maruti,swift_vdi_bsiv_w_abs,2011,77000,diesel,manual,secondowner,,,,,,290000
maruti,alto_lxi,2009,70000,petrol,manual,thirdowner,19.7,796.0,46.3,62.0,5.0,160000
tata,tigor_1.2_revotron_xz_option,2017,40000,petrol,manual,secondowner,20.3,1199.0,84.0,114.0,5.0,600000
nissan,micra_xv,2011,60000,petrol,manual,secondowner,18.06,1198.0,75.0,104.0,5.0,300000
honda,city_i-dtec_v,2019,40000,diesel,manual,firstowner,25.6,1498.0,97.9,200.0,5.0,1200000
chevrolet,beat_ls,2016,15000,petrol,manual,firstowner,18.6,1199.0,76.8,106.5,5.0,300000
maruti,wagon_r_vxi_plus,2018,30000,petrol,manual,firstowner,20.51,998.0,67.04,90.0,5.0,465000
fiat,grande_punto_active_(diesel),2012,60000,diesel,manual,secondowner,20.3,1248.0,75.0,197.0,5.0,170000
hyundai,i20_1.2_asta_option,2017,40000,petrol,manual,firstowner,18.6,1197.0,81.83,114.7,5.0,650000
renault,duster_85ps_diesel_rxe,2015,130000,diesel,manual,secondowner,20.45,1461.0,83.8,200.0,5.0,550000
tata,zest_quadrajet_1.3_xm,2016,110000,diesel,manual,firstowner,23.0,1248.0,88.7,200.0,5.0,360000
maruti,swift_dzire_zdi,2012,110000,diesel,manual,firstowner,19.3,1248.0,73.9,190.0,5.0,340000
volkswagen,ameo_1.5_tdi_comfortline,2018,40000,diesel,manual,firstowner,21.66,1498.0,108.62,250.0,5.0,600000
bmw,7_series_730ld,2010,90000,diesel,automatic,secondowner,14.49,2993.0,258.0,560.0,5.0,2000000
mahindra,xylo_e8,2009,90000,diesel,manual,secondowner,14.0,2498.0,112.0,260.0,8.0,300000
mahindra,xuv500_w8_awd,2015,65000,diesel,manual,firstowner,15.1,2179.0,140.0,330.0,7.0,1050000
maruti,swift_dzire_vdi,2014,70000,diesel,manual,firstowner,23.4,1248.0,74.0,190.0,5.0,450000
renault,fluence_diesel_e4,2012,100000,diesel,manual,secondowner,21.8,1461.0,78.0,240.0,5.0,570000
fiat,grande_punto_sport_90bhp,2013,90000,diesel,manual,firstowner,20.3,1248.0,92.0,209.0,5.0,400000
maruti,swift_dzire_vdi,2010,80000,diesel,manual,fourthowner,19.3,1248.0,73.9,190.0,5.0,220000
maruti,omni_e_8_str_std,2005,59635,petrol,manual,secondowner,,,,,,105000
hyundai,creta_1.6_crdi_sx,2018,46000,diesel,manual,firstowner,19.67,1582.0,126.2,259.9,5.0,1237000
hyundai,i20_2015-2017_sportz_option_1.4_crdi,2015,70000,diesel,manual,firstowner,22.54,1396.0,88.73,219.7,5.0,650000
chevrolet,enjoy_tcdi_lt_7_seater,2014,195000,diesel,manual,firstowner,18.2,1248.0,73.8,172.5,7.0,275000
maruti,swift_dzire_vxi,2012,100000,petrol,manual,firstowner,19.1,1197.0,85.8,114.0,5.0,310000
maruti,swift_vdi_bsiv,2011,97000,diesel,manual,firstowner,25.2,1248.0,74.0,190.0,5.0,375000
renault,scala_diesel_rxz,2013,120000,diesel,manual,firstowner,21.64,1461.0,84.8,200.0,5.0,434999
maruti,omni_e_8_str_std,2005,100000,petrol,manual,secondowner,,,,,,120000
honda,brio_1.2_vx_mt,2017,6750,petrol,manual,firstowner,18.5,1198.0,86.8,109.0,5.0,450000
tata,indigo_cs_eglx_bs_iv,2011,70000,petrol,manual,firstowner,15.64,1193.0,64.1,100.0,5.0,181000
fiat,grande_punto_1.3_dynamic_(diesel),2013,47000,diesel,manual,firstowner,20.3,1248.0,75.0,197.0,5.0,250000
honda,jazz_1.2_s_i_vtec,2015,48228,petrol,manual,firstowner,18.7,1199.0,88.7,110.0,5.0,671000
maruti,alto_k10_vxi,2017,40000,petrol,manual,firstowner,23.95,998.0,67.05,90.0,5.0,350000
mahindra,nuvosport_n8_amt,2017,60000,diesel,automatic,firstowner,17.45,1493.0,100.0,240.0,7.0,650000
maruti,alto_lxi_bsiii,2010,20000,petrol,manual,firstowner,19.7,796.0,46.3,62.0,5.0,165000
hyundai,eon_era,2013,42130,petrol,manual,firstowner,21.1,814.0,55.2,74.5,5.0,250000
hyundai,eon_d_lite_plus,2014,40000,petrol,manual,firstowner,21.1,814.0,55.2,74.5,5.0,215000
mahindra,bolero_power_plus_zlx,2018,80000,diesel,manual,firstowner,16.5,1493.0,70.0,195.0,7.0,890000
chevrolet,aveo_1.4_ls,2011,60000,petrol,manual,secondowner,14.49,1399.0,92.7,127.0,5.0,130000
ford,figo_diesel_titanium,2011,90000,diesel,manual,secondowner,20.0,1399.0,68.0,160.0,5.0,190000
maruti,swift_dzire_ldi,2012,110000,diesel,manual,firstowner,19.3,1248.0,73.9,190.0,5.0,270000
maruti,alto_k10_vxi_ags,2019,14000,petrol,automatic,firstowner,23.95,998.0,67.05,90.0,5.0,380000
maruti,swift_vdi,2012,56000,diesel,manual,secondowner,22.9,1248.0,74.0,190.0,5.0,425000
tata,indica_gls_bs_iv,2007,50000,petrol,manual,firstowner,15.3,1193.0,65.3,102.0,5.0,125000
volkswagen,vento_diesel_trendline,2011,70000,diesel,manual,secondowner,20.54,1598.0,103.6,250.0,5.0,250000
tata,indigo_ls_bsii,2006,120000,diesel,manual,thirdowner,16.1,1405.0,70.0,13.5,5.0,100000
chevrolet,sail_hatchback_diesel_base,2013,50000,diesel,manual,firstowner,22.1,1248.0,76.9,205.0,5.0,295000
mahindra,bolero_lx,2005,15000,diesel,manual,secondowner,,,,,,350000
chevrolet,spark_1.0_lt,2011,70000,petrol,manual,firstowner,18.0,995.0,62.0,90.3,5.0,165000
toyota,innova_2.5_ev_(diesel)_ps_7_seater_bs_iv,2013,95000,diesel,manual,secondowner,12.99,2494.0,100.57,200.0,7.0,600000
hyundai,santro_xing_gls,2013,90000,petrol,manual,firstowner,17.92,1086.0,62.1,96.1,5.0,200000
maruti,ciaz_zdi_plus_shvs,2017,53000,diesel,manual,firstowner,28.09,1248.0,88.5,200.0,5.0,750000
fiat,avventura_power_up_1.3_emotion,2015,60000,diesel,manual,secondowner,20.5,1248.0,91.72,209.0,5.0,459999
toyota,innova_crysta_2.4_vx_mt_8s_bsiv,2016,100600,diesel,manual,secondowner,13.68,2393.0,147.8,343.0,8.0,1500000
maruti,swift_vdi_bsiv,2015,60000,diesel,manual,firstowner,25.2,1248.0,74.0,190.0,5.0,490000
hyundai,i10_magna,2012,40000,petrol,manual,firstowner,20.36,1197.0,78.9,111.7,5.0,267000
honda,amaze_s_i-dtech,2014,100000,diesel,manual,secondowner,25.8,1498.0,98.6,200.0,5.0,420000
maruti,wagon_r_ax_bsiii,2006,100000,petrol,automatic,secondowner,16.0,1061.0,64.0,8.6,5.0,100000
toyota,fortuner_4x2_at,2015,130000,diesel,automatic,firstowner,12.55,2982.0,168.5,360.0,7.0,1900000
honda,city_2017-2020_gxi,2008,75000,petrol,manual,firstowner,17.7,1497.0,78.0,12.7,5.0,280000
mahindra,verito_1.5_d6_bsiv,2012,25000,diesel,manual,firstowner,21.03,1461.0,65.0,160.0,5.0,350000
tata,indica_vista_aqua_1.3_quadrajet_(abs),2010,87000,diesel,manual,firstowner,,,,,,180000
skoda,rapid_1.6_tdi_elegance,2012,60000,diesel,manual,firstowner,20.5,1598.0,103.5,250.0,5.0,500000
honda,amaze_s_i-dtec,2016,80000,diesel,manual,secondowner,25.8,1498.0,98.6,200.0,5.0,500000
toyota,fortuner_3.0_diesel,2010,100000,diesel,manual,firstowner,11.5,2982.0,171.0,343.0,7.0,1200000
skoda,rapid_1.6_tdi_elegance,2011,64481,diesel,manual,secondowner,20.5,1598.0,103.5,250.0,5.0,411000
toyota,fortuner_2.8_4wd_at_bsiv,2017,50000,diesel,automatic,firstowner,15.04,2755.0,174.5,450.0,7.0,2950000
maruti,swift_dzire_amt_vxi_bs_iv,2018,7800,petrol,automatic,firstowner,22.0,1197.0,81.8,113.0,5.0,700000
maruti,swift_dzire_vdi,2013,70000,diesel,manual,secondowner,23.4,1248.0,74.0,190.0,5.0,395000
ford,classic_1.6_duratec_titanium,2014,110000,petrol,manual,secondowner,14.09,1596.0,99.6,146.0,5.0,450000
maruti,wagon_r_vxi_minor,2011,80000,petrol,manual,firstowner,18.9,998.0,67.1,90.0,5.0,265000
hyundai,i20_magna_1.4_crdi_(diesel),2013,70000,diesel,manual,secondowner,21.9,1396.0,88.76,219.6,5.0,350000
toyota,etios_g,2016,15500,petrol,manual,firstowner,16.78,1496.0,88.73,132.0,5.0,540000
hyundai,eon_d_lite_plus,2017,50000,petrol,manual,firstowner,21.1,814.0,55.2,74.5,5.0,270000
maruti,omni_lpg_std_bsiv,1999,100000,lpg,manual,fourthowner,,,,,,70000
tata,indica_dls,2005,50000,diesel,manual,secondowner,,,,,,95000
maruti,swift_dzire_ldi,2013,70000,diesel,manual,secondowner,23.4,1248.0,74.0,190.0,5.0,356000
renault,captur_1.5_diesel_rxt,2018,12000,diesel,manual,firstowner,20.37,1461.0,108.45,240.0,5.0,1265000
chevrolet,cruze_ltz,2011,100000,diesel,manual,firstowner,18.3,1991.0,147.9,327.0,5.0,360000
hyundai,i10_sportz_option,2012,45000,petrol,manual,firstowner,20.36,1197.0,78.9,111.8,5.0,300000
ford,figo_diesel_titanium,2011,100000,diesel,manual,firstowner,20.0,1399.0,68.0,160.0,5.0,220000
hyundai,grand_i10_1.2_kappa_sportz_option,2018,40000,petrol,manual,firstowner,18.9,1197.0,81.86,113.75,5.0,500000
hyundai,santro_xing_xs_erlx_euro_iii,2006,80000,petrol,manual,secondowner,,,,,,145000
bmw,5_series_520d_sport_line,2018,17100,diesel,automatic,firstowner,22.48,1995.0,187.74,400.0,5.0,3900000
maruti,vitara_brezza_zdi_plus,2017,25000,diesel,manual,firstowner,24.3,1248.0,88.5,200.0,5.0,880000
maruti,omni_5_seater_bsiv,2011,70000,petrol,manual,secondowner,14.0,796.0,35.0,6.1,5.0,130000
renault,kwid_rxt_optional,2019,21000,petrol,manual,firstowner,25.17,799.0,53.3,72.0,5.0,290000
mahindra,bolero_slx,2007,105000,diesel,manual,secondowner,13.6,2523.0,63.0,180.0,7.0,215000
tata,indica_vista_tdi_lx,2012,100000,diesel,manual,secondowner,19.4,1405.0,70.0,135.4,5.0,180000
honda,wr-v_i-vtec_vx,2017,30000,petrol,manual,firstowner,17.5,1199.0,88.7,110.0,5.0,720000
mahindra,thar_crde,2017,35000,diesel,manual,firstowner,16.55,2498.0,105.0,247.0,6.0,780000
maruti,alto_lxi,2010,95000,petrol,manual,thirdowner,19.7,796.0,46.3,62.0,5.0,135000
hyundai,i20_1.4_asta_option,2017,63186,diesel,manual,firstowner,22.54,1396.0,88.73,219.7,5.0,850000
tata,new_safari_dicor_2.2_ex_4x2,2009,212000,diesel,manual,thirdowner,11.57,2179.0,138.1,320.0,7.0,229999
hyundai,grand_i10_asta,2014,40000,petrol,manual,secondowner,18.9,1197.0,82.0,114.0,5.0,400000
hyundai,verna_1.6_vtvt_s_option,2015,25000,petrol,manual,firstowner,17.01,1591.0,121.4,154.9,5.0,700000
toyota,innova_crysta_2.4_zx_mt_bsiv,2017,157000,diesel,manual,firstowner,13.68,2393.0,147.8,343.0,7.0,1680000
volkswagen,polo_2015-2019_1.0_mpi_comfortline,2018,19000,petrol,manual,firstowner,18.78,999.0,75.0,95.0,5.0,565000
tata,new_safari_3l_dicor_lx_4x2,2007,120000,diesel,manual,secondowner,13.93,2956.0,138.1,320.0,7.0,200000
maruti,swift_vdi,2013,110000,diesel,manual,thirdowner,22.9,1248.0,74.0,190.0,5.0,350000
hyundai,i10_era,2008,80000,petrol,manual,secondowner,19.81,1086.0,68.05,99.04,5.0,135000
mahindra,scorpio_lx_2.6_turbo,2007,120000,diesel,manual,thirdowner,10.5,2609.0,120.0,290.0,7.0,229999
ford,ecosport_1.5_dv5_mt_titanium_optional,2014,132000,diesel,manual,secondowner,22.7,1498.0,89.84,204.0,5.0,500000
maruti,ignis_1.3_amt_zeta,2017,37000,diesel,automatic,firstowner,26.8,1248.0,74.0,190.0,5.0,625000
mahindra,xuv500_w7,2020,120000,diesel,manual,firstowner,15.1,2179.0,152.87,360.0,7.0,830000
tata,indica_v2_elx,2012,90000,diesel,manual,secondowner,25.0,1396.0,69.0,140.0,5.0,83000
maruti,eeco_cng_5_seater_ac_bsiv,2012,270000,cng,manual,firstowner,30.716,1196.0,61.7,85.0,5.0,220000
volkswagen,passat_1.8_tsi_mt,2010,114000,petrol,manual,firstowner,14.3,1798.0,160.0,250.0,5.0,700000
mahindra,xuv300_w8_option_bsiv,2019,16500,petrol,manual,firstowner,17.0,1197.0,110.0,200.0,5.0,1090000
toyota,qualis_gs_g1,2003,149032,diesel,manual,firstowner,,,,,,200000
maruti,omni_e_mpi_std_bs_iv,2017,9000,petrol,manual,firstowner,16.8,796.0,34.2,59.0,8.0,260000
honda,city_i-dtec_zx,2017,50000,diesel,manual,firstowner,25.6,1498.0,97.9,200.0,5.0,1050000
tata,indica_vista_aura_1.2_safire_(abs)_bs_iv,2010,48000,petrol,manual,firstowner,15.8,1172.0,65.0,96.0,5.0,300000
tata,nexon_1.5_revotorq_xz_plus_dual_tone,2018,60000,diesel,manual,firstowner,21.5,1497.0,108.5,260.0,5.0,860000
audi,a3_35_tdi_premium_plus,2017,70000,diesel,automatic,firstowner,20.38,1968.0,143.0,320.0,5.0,2600000
volkswagen,passat_highline_dsg_s_(spl._edition),2012,61100,diesel,automatic,firstowner,14.3,1968.0,140.0,36.6,5.0,799000
volkswagen,polo_gt_tsi_bsiv,2014,28080,petrol,automatic,firstowner,0.0,1197.0,103.25,175.0,5.0,574000
honda,city_1.5_v_elegance,2011,90000,petrol,manual,secondowner,17.0,1497.0,118.0,146.0,5.0,375000
honda,city_2017-2020_exi,2008,110000,petrol,manual,secondowner,17.7,1497.0,78.0,12.7,5.0,215000
tata,manza_aqua_quadrajet_bs_iv,2012,195000,diesel,manual,secondowner,21.12,1248.0,88.8,200.0,5.0,140000
toyota,innova_2.5_ev_diesel_ms_7_str_bsiii,2011,168000,diesel,manual,secondowner,12.8,2494.0,102.0,20.4,7.0,750000
hyundai,grand_i10_magna_at,2019,4337,petrol,automatic,firstowner,18.9,1197.0,82.0,114.0,5.0,625000
toyota,platinum_etios_1.4_gxd,2018,90000,diesel,manual,firstowner,23.59,1364.0,67.05,170.0,5.0,730000
volkswagen,polo_gt_tsi,2014,31000,petrol,automatic,secondowner,17.21,1197.0,103.6,175.0,5.0,550000
mahindra,scorpio_vls_at_2.2_mhawk,2009,155000,diesel,automatic,secondowner,11.79,2179.0,120.0,290.0,8.0,600000
ford,freestyle_titanium_petrol_bsiv,2020,5000,petrol,manual,secondowner,19.0,1194.0,94.68,120.0,5.0,400000
maruti,ritz_vdi,2013,77000,diesel,manual,firstowner,21.1,1248.0,73.9,113.0,5.0,390000
maruti,swift_dzire_amt_zdi_plus,2018,27654,diesel,automatic,firstowner,28.4,1248.0,74.02,190.0,5.0,698000
toyota,innova_2.5_g_(diesel)_7_seater,2012,250000,diesel,manual,firstowner,12.99,2494.0,100.0,200.0,7.0,730000
maruti,ritz_lxi,2016,82000,petrol,manual,thirdowner,18.5,1197.0,85.8,114.0,5.0,270000
mahindra,kuv_100_g80_k6_plus,2018,21000,petrol,manual,secondowner,18.15,1198.0,82.0,115.0,6.0,535000
tata,new_safari_dicor_2.2_vx_4x2,2010,108957,diesel,manual,firstowner,13.93,2179.0,138.0,320.0,7.0,300000
mahindra,thar_crde,2018,15000,diesel,manual,secondowner,16.55,2498.0,105.0,247.0,6.0,850000
chevrolet,enjoy_1.3_tcdi_ltz_8,2016,198000,diesel,manual,firstowner,18.2,1248.0,73.74,172.5,8.0,500000
hyundai,grand_i10_sportz,2017,25000,petrol,manual,firstowner,18.9,1197.0,82.0,114.0,5.0,509999
honda,jazz_1.2_sv_i_vtec,2015,30000,petrol,manual,firstowner,18.7,1199.0,88.7,110.0,5.0,610000
mahindra,xuv500_w8_2wd,2012,100000,diesel,manual,secondowner,15.1,2179.0,140.0,330.0,7.0,700000
maruti,alto_800_vxi,2016,50000,petrol,manual,firstowner,22.74,796.0,47.3,69.0,5.0,262000
maruti,estilo_lxi,2009,63000,petrol,manual,thirdowner,,,,,,155000
mitsubishi,lancer_2.0_gld,1999,198000,diesel,manual,secondowner,14.8,1998.0,68.0,12.5,5.0,150000
ford,fiesta_1.4_zxi_duratec,2011,70000,petrol,manual,secondowner,16.6,1388.0,68.0,16.3,5.0,200000
maruti,swift_dzire_vdi,2014,60000,diesel,manual,firstowner,23.4,1248.0,74.0,190.0,5.0,500000
mahindra,scorpio_vlx_2wd_at_bsiii,2014,80000,diesel,automatic,firstowner,11.79,2179.0,120.0,290.0,8.0,800000
renault,kwid_1.0,2018,25000,petrol,manual,firstowner,23.01,999.0,67.0,91.0,5.0,350000
hyundai,i10_magna,2010,106000,petrol,manual,thirdowner,20.36,1197.0,78.9,111.7,5.0,150000
maruti,ertiga_shvs_vdi,2017,50000,diesel,manual,firstowner,24.52,1248.0,88.5,200.0,7.0,710000
hyundai,eon_magna_plus,2013,47000,petrol,manual,secondowner,21.1,814.0,55.2,74.5,5.0,215000
maruti,wagon_r_stingray_vxi_optional,2017,40000,petrol,manual,firstowner,20.51,998.0,67.04,90.0,5.0,475000
tata,indica_vista_quadrajet_ls,2012,120000,diesel,manual,firstowner,22.3,1248.0,74.0,190.0,5.0,125000
tata,safari_dicor_2.2_ex_4x2,2012,120000,diesel,manual,firstowner,13.93,2179.0,138.03,320.0,7.0,325000
ford,ecosport_1.5_diesel_titanium,2019,16034,diesel,manual,firstowner,21.7,1498.0,98.96,215.0,5.0,950000
volkswagen,vento_diesel_highline,2011,110000,diesel,manual,secondowner,20.54,1598.0,103.6,250.0,5.0,350000
ford,figo_petrol_exi,2012,85000,petrol,manual,secondowner,15.6,1196.0,70.0,102.0,5.0,300000
hyundai,i20_asta_1.4_crdi,2014,110000,diesel,manual,firstowner,22.54,1396.0,88.73,219.7,5.0,620000
chevrolet,tavera_neo_3_9_str_bsiii,2014,70000,diesel,manual,secondowner,13.58,2499.0,72.4,171.0,9.0,575000
maruti,vitara_brezza_vdi_option,2017,80000,diesel,manual,firstowner,24.3,1248.0,88.5,200.0,5.0,775000
honda,jazz_1.2_v_i_vtec,2016,54000,petrol,manual,firstowner,18.7,1199.0,88.7,110.0,5.0,625000
toyota,innova_2.5_g4_diesel_7-seater,2011,200000,diesel,manual,secondowner,12.8,2494.0,102.0,20.4,7.0,735000
maruti,swift_amt_zxi_plus_bsiv,2019,20000,petrol,automatic,firstowner,22.0,1197.0,81.8,113.0,5.0,700000
maruti,baleno_delta_1.2,2018,20000,petrol,manual,firstowner,21.4,1197.0,83.1,115.0,5.0,575000
toyota,innova_2.5_gx_(diesel)_7_seater,2013,35000,diesel,manual,firstowner,12.99,2494.0,100.6,200.0,7.0,400000
maruti,swift_zxi_bsiii,2006,44000,petrol,manual,secondowner,16.1,1298.0,88.2,11.5,5.0,120000
maruti,eeco_cng_5_seater_ac_bsiv,2016,80000,cng,manual,firstowner,30.716,1196.0,61.7,85.0,5.0,320000
mahindra,scorpio_2009-2014_ex_2wd_7s,2014,90000,diesel,manual,secondowner,14.0,2523.0,75.0,200.0,7.0,611000
mahindra,bolero_power_plus_zlx,2017,60000,diesel,manual,secondowner,16.5,1493.0,70.0,195.0,7.0,660000
maruti,alto_800_lxi,2015,36710,petrol,manual,secondowner,22.74,796.0,47.3,69.0,5.0,245000
hyundai,i20_1.2_magna,2012,51856,petrol,manual,thirdowner,18.5,1197.0,80.0,11.4,5.0,320000
datsun,go_t_bsiv,2014,33000,petrol,manual,firstowner,20.63,1198.0,67.0,104.0,5.0,225000
ambassador,classic_2000_dsz_ac_ps,1994,100000,diesel,manual,secondowner,12.8,1995.0,52.0,106.0,5.0,99000
maruti,ertiga_zdi,2014,90000,diesel,manual,firstowner,20.77,1248.0,88.8,200.0,7.0,650000
tata,indica_vista_tdi_lx,2013,110000,diesel,manual,firstowner,19.1,1405.0,70.0,135.4,5.0,275000
ford,ecosport_1.5_tdci_titanium_plus_bsiv,2016,35000,diesel,manual,secondowner,22.77,1498.0,98.59,205.0,5.0,825000
hyundai,grand_i10_1.2_crdi_sportz_option,2018,50000,diesel,manual,firstowner,24.0,1186.0,73.97,190.24,5.0,550000
maruti,eeco_cng_5_seater_ac_bsiv,2018,50000,cng,manual,firstowner,30.716,1196.0,61.7,85.0,5.0,375000
tata,indica_v2_dls,2009,110000,diesel,manual,secondowner,17.2,1396.0,53.5,8.5,5.0,80000
skoda,rapid_1.6_tdi_ambition_plus_alloy,2012,145000,diesel,manual,firstowner,20.5,1598.0,103.5,250.0,5.0,380000
maruti,alto_k10_lxi,2011,70000,petrol,manual,firstowner,20.92,998.0,67.1,90.0,5.0,180000
ford,figo_aspire_1.2_ti-vct_titanium,2017,80000,petrol,manual,firstowner,18.16,1196.0,86.8,112.0,5.0,565000
maruti,swift_dzire_vdi,2010,120000,diesel,manual,secondowner,19.3,1248.0,73.9,190.0,5.0,225000
ford,fusion_plus_1.4_tdci_diesel,2008,110000,diesel,manual,secondowner,17.7,1399.0,68.0,16.0,5.0,90000
maruti,ritz_vdi,2016,70000,diesel,manual,firstowner,23.2,1248.0,73.94,190.0,5.0,425000
honda,wr-v_i-dtec_vx,2017,65000,diesel,manual,secondowner,25.5,1498.0,98.6,200.0,5.0,770000
toyota,innova_crysta_2.8_gx_at_bsiv,2017,62000,diesel,automatic,firstowner,11.36,2755.0,171.5,360.0,7.0,1465000
audi,a6_2.0_tdi_premium_plus,2013,35000,diesel,automatic,secondowner,17.68,1968.0,174.33,380.0,5.0,2000000
maruti,alto_800_lxi,2014,20000,petrol,manual,firstowner,22.74,796.0,47.3,69.0,5.0,250000
maruti,swift_dzire_vxi,2008,100000,petrol,manual,firstowner,17.5,1298.0,85.8,114.0,5.0,200000
honda,brio_1.2_s_mt,2012,30000,petrol,manual,firstowner,18.5,1198.0,86.8,109.0,5.0,245000
maruti,alto_lxi_bsiii,2005,70000,petrol,manual,fourthowner,19.7,796.0,46.3,62.0,5.0,125000
hyundai,accent_gle,2009,70000,petrol,manual,secondowner,13.2,1495.0,94.0,12.5,5.0,120000
maruti,swift_vdi_optional,2016,47000,diesel,manual,firstowner,25.2,1248.0,74.0,190.0,5.0,600000
tata,indica_vista_terra_quadrajet_1.3l,2010,120000,diesel,manual,secondowner,18.0,1248.0,75.0,190.0,5.0,105000
maruti,swift_dzire_zdi,2015,57000,diesel,manual,secondowner,26.59,1248.0,74.0,190.0,5.0,575000
maruti,alto_lxi,2010,100000,petrol,manual,firstowner,19.7,796.0,46.3,62.0,5.0,150000
bmw,x1_sdrive_20d_sportline,2018,27000,diesel,automatic,firstowner,17.05,1995.0,184.0,380.0,5.0,2850000
tata,safari_storme_ex,2017,20000,diesel,manual,firstowner,14.1,2179.0,147.94,320.0,7.0,1100000
tata,new_safari_dicor_2.2_ex_4x2,2011,140000,diesel,manual,secondowner,11.57,2179.0,138.1,320.0,7.0,229999
honda,amaze_e_diesel_bsiv,2014,27233,diesel,manual,firstowner,27.4,1498.0,98.63,200.0,5.0,465000
mahindra,quanto_c4,2013,110000,diesel,manual,secondowner,17.21,1493.0,100.0,240.0,7.0,350000
maruti,800_ac,2007,73257,petrol,manual,firstowner,16.1,796.0,37.0,59.0,4.0,45000
maruti,swift_vdi_bsiv,2011,160000,diesel,manual,secondowner,,,,,,340000
nissan,terrano_xl_85_ps,2014,70000,diesel,manual,thirdowner,20.45,1461.0,83.8,200.0,5.0,400000
maruti,swift_1.3_vxi,2006,65000,petrol,manual,thirdowner,,,,,,140000
hyundai,accent_crdi,2005,100000,diesel,manual,thirdowner,13.1,1493.0,82.0,187.0,5.0,100000
mahindra,xuv500_w6_2wd,2016,90000,diesel,manual,firstowner,16.0,2179.0,140.0,330.0,7.0,800000
maruti,ertiga_vxi,2015,60000,petrol,manual,secondowner,16.02,1373.0,93.7,130.0,7.0,423000
maruti,alto_lx,2005,39000,petrol,manual,firstowner,19.7,796.0,46.3,62.0,5.0,55000
honda,city_2017-2020_exi,2008,110000,petrol,manual,secondowner,17.7,1497.0,78.0,12.7,5.0,105000
maruti,alto_lx,2005,100000,petrol,manual,fourthowner,19.7,796.0,46.3,62.0,5.0,90000
hyundai,santro_asta_bsiv,2018,7000,petrol,manual,firstowner,20.3,1086.0,68.0,99.0,5.0,540000
maruti,ritz_vdi,2009,85000,diesel,manual,thirdowner,21.1,1248.0,73.9,113.0,5.0,180000
tata,tiago_1.2_revotron_xz,2019,10000,petrol,manual,firstowner,23.84,1199.0,84.0,114.0,5.0,459999
maruti,swift_vdi,2013,188000,diesel,manual,secondowner,22.9,1248.0,74.0,190.0,5.0,400000
jeep,compass_2.0_longitude_option_bsiv,2017,60000,diesel,manual,firstowner,17.1,1956.0,170.0,350.0,5.0,1689999
maruti,alto_800_lxi,2012,100000,petrol,manual,firstowner,22.74,796.0,47.3,69.0,5.0,220000
honda,brio_1.2_vx_mt,2014,52442,petrol,manual,secondowner,18.5,1198.0,86.8,109.0,5.0,325000
maruti,wagon_r_lxi_minor,2009,120000,petrol,manual,firstowner,18.9,1061.0,67.0,84.0,5.0,220000
toyota,innova_2.5_gx_(diesel)_8_seater,2016,69500,diesel,manual,secondowner,12.99,2494.0,100.6,200.0,8.0,1151000
maruti,swift_vdi,2012,50000,diesel,manual,secondowner,22.9,1248.0,74.0,190.0,5.0,330000
hyundai,verna_1.6_sx,2012,120000,diesel,manual,secondowner,22.32,1582.0,126.32,259.8,5.0,450000
ford,figo_aspire_1.5_tdci_titanium_opt,2017,70000,diesel,manual,secondowner,25.83,1498.0,99.0,215.0,5.0,550000
mahindra,bolero_2011-2019_di_-_ac_bs_iii,2016,72000,diesel,manual,firstowner,15.96,2523.0,63.0,180.0,9.0,560000
mahindra,tuv_300_t8,2017,120000,diesel,manual,firstowner,18.49,1493.0,100.0,240.0,7.0,710000
hyundai,grand_i10_1.2_crdi_sportz,2018,30000,diesel,manual,firstowner,24.0,1186.0,73.97,190.24,5.0,540000
maruti,swift_1.3_lxi,2005,50000,petrol,manual,firstowner,,,,,,170000
maruti,alto_lxi_bsiii,2006,90000,petrol,manual,firstowner,19.7,796.0,46.3,62.0,5.0,160000
maruti,vitara_brezza_zdi_plus_dual_tone,2016,45000,diesel,manual,firstowner,24.3,1248.0,88.5,200.0,5.0,950000
honda,wr-v_i-vtec_vx,2017,30000,petrol,manual,firstowner,17.5,1199.0,88.7,110.0,5.0,819999
maruti,swift_dzire_vxi,2016,40000,petrol,manual,firstowner,20.85,1197.0,83.14,115.0,5.0,500000
maruti,zen_lxi,2002,100000,petrol,manual,fourthowner,17.3,993.0,60.0,78.0,5.0,60000
audi,q5_45_tdi_quattro_technology,2015,105000,diesel,automatic,secondowner,13.22,2967.0,241.4,580.0,5.0,2700000
toyota,etios_liva_gd,2012,100000,diesel,manual,secondowner,,,,,,280000
tata,tiago_1.2_revotron_xz,2017,28000,petrol,manual,secondowner,23.84,1199.0,84.0,114.0,5.0,380000
maruti,swift_dzire_vdi,2016,55000,diesel,manual,firstowner,26.59,1248.0,74.0,190.0,5.0,660000
tata,indica_vista_aqua_1.4_tdi,2009,120000,diesel,manual,firstowner,17.0,1405.0,71.0,135.0,5.0,120000
maruti,wagon_r_lx_bsiii,2010,110000,petrol,manual,secondowner,17.3,1061.0,64.0,8.6,5.0,200000
hyundai,i20_active_sx_petrol,2019,10000,petrol,manual,firstowner,17.19,1197.0,81.86,114.73,5.0,650000
maruti,baleno_delta_1.2,2016,25339,petrol,manual,firstowner,21.4,1197.0,83.1,115.0,5.0,562000
maruti,eeco_5_seater_ac_bsiv,2019,15000,petrol,manual,firstowner,15.37,1196.0,73.0,101.0,5.0,400000
honda,city_2017-2020_gxi,2006,178500,petrol,manual,thirdowner,17.7,1497.0,78.0,12.7,5.0,200000
hyundai,verna_1.6_sx,2014,80000,diesel,manual,firstowner,22.32,1582.0,126.32,259.8,5.0,700000
hyundai,eon_sportz,2012,35000,petrol,manual,secondowner,21.1,814.0,55.2,74.5,5.0,195000
audi,q7_3.0_tdi_quattro,2014,65000,diesel,automatic,firstowner,12.07,2967.0,241.4,550.0,7.0,3000000
maruti,wagon_r_amt_vxi,2015,20000,petrol,automatic,firstowner,20.51,998.0,67.0,90.0,5.0,400000
maruti,alto_800_vxi,2017,80000,petrol,manual,firstowner,24.7,796.0,47.3,69.0,5.0,295000
mahindra,thar_crde,2019,12584,diesel,manual,firstowner,16.55,2498.0,105.0,247.0,6.0,975000
maruti,vitara_brezza_ldi_option,2017,53000,diesel,manual,firstowner,24.3,1248.0,88.5,200.0,5.0,711000
